,Sample_ID,000100-66-3,000105-68-0,000100-52-7,000142-92-7,001565-80-6,000111-27-3,000108-88-3,061692-83-9,000071-36-3,999199-74-1,053955-81-0,004176-06-1,068039-26-9,000123-92-2,010032-15-2,000106-42-3,000628-63-7,000106-27-4,019264-50-7,000097-62-1,000922-63-4,000626-82-4,017928-28-8,002471-84-3,000095-47-6,010544-63-5,000110-54-3,000099-87-6,999145-27-3,999145-27-2,006378-65-0,000110-19-0,000534-22-5,000629-59-4,000824-90-8,000123-51-3,001632-70-8,000100-41-4,001330-20-7,000527-84-4,000624-54-4,000108-38-3,055514-48-2,002445-67-2,000105-66-8,000868-57-5,000110-93-0,000556-67-2,000097-87-0,004313-57-9,000111-90-0,000629-50-5,051115-64-1,007785-66-2,024587-26-6,062016-48-2,000502-61-4,000623-42-7,000064-19-7,000626-77-7,000111-13-7,000078-93-3,000095-63-6,002445-78-5,000539-90-2,000100-84-5,001191-99-7,000110-80-5,000560-32-7,000629-62-9,007452-79-1,000593-45-3,001733-25-1,000106-36-5,000124-18-5,000629-20-9,002198-61-0,000592-46-1,000100-51-6,000137-32-6,053044-27-2,015706-73-7,000096-48-0,000540-18-1,000123-66-0,000100-42-5,000106-70-7,001708-29-8,002216-34-4,000123-72-8,037064-20-3,000060-12-8,999059-80-5,000105-58-8,014905-56-7,000071-41-0,000064-17-5,999067-89-0,000071-43-2,000590-86-3,999145-36-1,000109-21-7,999145-36-2,006092-54-2,013450-73-2,000138-86-3,005989-54-8,000535-77-3,007642-04-8,000109-60-4,001115-11-3,000141-78-6,000644-30-4,000066-25-1,000763-29-1,000105-54-4,000590-01-2,026560-14-5,034713-94-5,000000-00-0,053951-50-1,000624-41-9,000513-86-0,000123-86-4,000109-99-9,024587-27-7,000096-29-7,004170-30-3,007525-62-4,000100-45-8,000142-82-5,002445-76-3,000091-20-3,000111-11-5,000105-37-3,002601-13-0,000541-05-9,017312-54-8,054004-43-2,017699-05-7,000093-89-0,000624-13-5,000539-82-2,999556-92-5,000141-62-8
0,CU3-1103,0.11,1.89,0.0,5.9,0.0,0.0,0.67,0.0,0.6,0.0,0.0,0.0,0.26,0.0,4.15,0.0,1.27,0.0,0.0,0.0,0.0,0.0,0.0,0.0,0.0,0.0,0.0,0.0,0.0,0.0,0.0,0.0,0.07,0.0,0.0,0.0,0.0,0.0,0.98,0.0,0.0,0.0,0.0,0.0,0.56,0.0,0.0,0.0,0.0,0.0,0.2,0.0,0.0,0.0,0.06,0.0,0.0,0.0,0.0,0.0,0.32,0.0,0.0,1.14,0.0,0.0,0.0,0.0,0.0,0.0,0.0,0.0,0.0,0.7,0.0,0.0,0.53,0.0,0.0,2.01,0.0,2.47,0.0,0.35,0.0,0.0,0.23,0.0,0.0,0.26,0.78,0.0,0.0,0.0,0.0,0.0,0.0,0.0,0.18,0.0,0.0,0.0,0.0,0.0,0.0,0.0,0.0,0.0,0.09,0.65,0.11,0.0,0.18,0.0,0.0,0.0,3.66,0.0,0.0,0.0,0.0,27.18,0.0,7.15,1.02,0.0,0.0,0.0,0.08,0.0,0.0,1.35,0.0,0.0,0.0,0.0,7.82,0.0,0.0,0.0,0.0,0.0,0.0,0.0,0.0
1,CU3-1125,0.19,0.0,0.0,4.2,0.0,0.0,0.0,0.0,0.0,0.0,0.0,0.0,0.23,0.0,0.0,0.0,1.18,0.0,0.0,0.0,0.0,0.0,0.0,0.0,0.2,0.0,0.0,0.0,0.0,0.3,0.0,0.0,0.0,0.0,0.0,0.0,0.0,0.0,0.0,0.0,2.14,0.0,0.0,0.0,1.0,0.0,0.0,5.17,0.0,0.0,0.0,0.0,0.0,0.0,0.0,0.0,0.34,0.0,0.0,0.94,0.0,0.0,0.0,1.01,0.0,0.0,0.0,0.0,0.0,0.0,0.18,0.0,0.0,1.26,0.0,0.0,0.0,0.0,0.0,2.02,0.0,2.93,0.0,0.35,0.0,0.0,0.0,0.0,0.0,0.13,1.66,0.0,0.0,0.0,0.0,0.0,0.0,0.0,0.11,0.0,2.19,0.0,0.0,0.0,1.02,0.0,0.0,0.0,0.0,0.79,0.0,0.0,0.0,0.0,0.0,0.13,3.83,0.0,0.0,0.06,0.0,0.0,0.0,5.39,1.38,0.0,0.0,0.0,0.0,0.0,0.0,0.94,0.0,0.0,0.0,0.0,10.24,0.0,0.0,0.0,0.0,0.0,0.0,0.0,0.0
2,CU3-1107,0.16,3.92,0.0,5.17,0.0,0.0,0.4,0.0,0.34,0.0,0.0,0.0,0.0,0.0,1.9,0.0,1.31,0.0,0.0,0.0,0.0,0.0,0.0,0.0,0.0,0.0,0.3,0.0,0.0,0.0,0.29,0.0,0.0,0.0,0.0,0.0,0.0,0.0,0.0,0.0,0.0,0.0,0.0,0.0,0.0,0.0,0.17,0.0,0.0,0.0,0.2,0.0,0.0,0.0,0.0,0.0,0.0,0.0,0.1,0.0,0.0,0.0,0.0,1.2,0.0,0.0,0.0,0.0,0.0,0.0,0.0,0.0,0.0,1.38,0.0,0.0,0.4,0.0,0.0,1.44,0.0,2.55,0.0,0.53,0.0,0.0,0.0,0.0,0.0,0.0,1.5,0.0,0.0,0.0,0.0,0.0,0.0,0.18,0.1,0.0,0.0,0.0,0.0,0.0,0.0,0.0,0.0,0.0,0.0,0.75,0.0,0.0,0.0,0.21,0.0,0.0,4.3,0.0,0.0,0.0,0.0,36.74,0.0,6.28,0.93,0.0,0.05,0.0,0.0,0.0,0.0,0.0,0.0,0.0,0.0,0.0,7.54,0.0,0.0,0.0,0.0,0.0,0.0,0.0,0.0
3,CU4-1126,0.07,0.0,0.0,7.92,0.0,0.0,0.0,0.0,0.0,0.0,0.0,0.0,0.36,0.0,0.0,0.0,1.04,0.0,0.0,0.0,0.0,0.0,0.0,0.0,0.25,0.0,0.0,0.0,0.0,0.0,0.0,0.0,0.0,0.0,0.0,0.0,0.0,0.0,0.0,0.0,0.0,0.0,0.1,0.0,3.23,0.0,0.0,2.45,0.0,0.0,0.0,0.0,0.0,0.0,0.0,0.09,1.36,0.0,0.0,0.0,0.0,0.0,0.0,1.08,0.0,0.0,0.0,0.0,0.0,0.0,5.63,0.0,0.0,0.92,0.0,0.0,0.35,0.0,0.0,1.42,0.0,4.6,0.0,0.5,3.25,0.0,0.0,0.0,0.0,0.16,6.92,0.0,0.0,0.0,0.0,0.0,0.0,0.0,0.08,0.0,4.53,2.18,0.0,0.0,0.52,0.0,0.0,0.0,0.0,0.0,0.0,0.31,0.0,0.0,0.0,3.29,1.35,0.0,0.0,0.0,0.0,0.0,0.0,5.39,0.49,0.0,0.0,0.0,0.0,0.0,0.0,0.69,0.0,0.0,0.48,0.0,5.91,0.0,0.0,0.0,0.0,0.0,0.0,0.0,0.0
4,CU4-1107,0.12,2.26,0.0,4.94,0.0,0.0,0.45,0.0,0.52,0.0,0.0,0.0,0.39,0.0,3.63,0.0,1.15,0.0,0.0,0.0,0.0,0.0,0.05,0.0,0.0,0.0,0.0,0.0,0.0,0.0,0.94,0.0,0.0,0.0,0.0,0.0,0.0,0.0,0.0,0.0,0.0,0.0,0.0,0.0,0.0,0.0,0.0,0.0,0.06,0.0,0.0,0.0,0.0,0.0,0.0,0.0,0.0,0.0,0.08,0.0,0.0,0.0,0.0,1.41,0.0,0.0,0.0,0.0,0.0,0.0,0.09,0.0,0.0,0.89,0.0,0.0,0.81,0.0,0.0,1.64,0.0,3.7,0.0,0.88,0.0,0.0,0.0,0.0,0.0,0.0,1.78,0.0,0.0,0.0,0.0,0.0,0.0,0.28,0.06,0.0,0.0,0.0,0.0,0.0,0.0,0.0,0.0,0.0,0.0,0.49,0.0,0.0,0.0,0.17,0.0,0.09,3.31,0.13,0.0,0.0,0.0,26.55,0.0,5.19,0.56,0.04,0.0,0.0,0.0,0.0,0.0,1.29,0.0,0.0,0.0,0.0,7.54,0.0,0.0,0.0,0.0,0.0,0.0,0.0,0.0
5,CU2-1107,0.09,0.0,0.4,1.04,0.0,0.0,1.18,0.0,0.0,0.0,0.0,0.0,0.0,0.0,1.67,0.0,0.0,0.0,0.0,0.0,0.0,0.0,0.0,0.0,0.0,0.0,0.0,0.0,0.0,0.0,0.0,0.0,0.0,0.0,0.0,0.0,0.0,0.0,0.0,0.0,0.0,0.0,0.0,0.0,0.0,0.0,0.0,0.0,0.0,0.0,0.0,0.0,0.0,0.0,0.0,0.0,0.0,0.0,0.37,0.0,0.0,2.68,0.0,0.0,0.0,0.0,0.0,0.0,0.0,0.0,0.0,0.0,0.0,0.0,0.0,0.0,0.0,0.0,0.0,1.32,0.0,0.0,0.0,0.0,0.0,0.0,0.0,0.0,0.0,0.0,0.0,0.0,0.0,0.0,0.0,0.0,0.0,0.78,0.21,0.0,0.0,0.0,0.0,0.0,0.0,0.0,0.0,0.0,0.0,0.0,0.0,0.0,0.0,0.0,0.0,0.0,0.0,0.0,0.0,0.0,0.0,5.0,0.0,0.0,1.75,0.0,0.0,0.0,0.0,0.0,0.0,0.0,0.0,0.0,0.0,0.0,24.85,0.0,0.0,0.0,0.0,0.0,0.0,0.0,0.0
6,CU5-1107,0.15,3.12,0.0,3.47,0.0,0.0,0.6,0.0,0.73,0.0,0.0,0.0,0.0,0.0,1.3,0.0,1.02,0.0,0.0,0.0,0.0,0.0,0.0,0.0,0.0,0.0,0.0,0.0,0.0,0.0,0.0,0.0,0.0,0.0,0.0,0.0,0.0,0.0,0.0,0.0,0.0,0.0,0.0,0.0,0.0,0.0,0.18,0.0,0.0,0.0,0.24,0.0,0.0,0.0,0.0,0.0,0.0,0.0,0.18,0.0,0.0,0.0,0.0,1.03,0.0,0.0,0.0,0.0,0.0,0.0,0.06,0.0,0.0,1.26,0.0,0.0,0.33,0.0,0.0,2.35,0.0,1.82,0.0,0.44,0.0,0.0,0.0,0.0,0.0,0.0,1.29,0.0,0.0,0.0,0.0,0.0,0.0,0.46,0.17,0.13,0.0,0.0,0.0,0.0,0.0,0.0,0.0,0.0,0.0,0.67,0.0,0.0,0.0,0.37,0.0,0.0,3.17,0.0,0.0,0.0,0.0,33.22,0.0,4.7,1.42,0.0,0.0,0.0,0.0,0.15,0.0,0.83,0.0,0.0,0.0,0.0,10.67,0.0,0.0,0.0,0.0,0.0,0.0,0.0,0.12
7,CU5-1103,0.15,1.45,0.0,7.18,0.0,0.0,1.24,0.0,0.74,0.0,0.0,0.0,0.0,0.0,2.81,0.0,1.3,0.0,0.0,0.0,0.0,0.0,0.0,0.06,0.0,0.0,0.0,0.0,0.0,0.0,0.0,0.0,0.06,0.0,0.0,0.0,0.0,0.0,0.0,0.0,0.0,0.0,0.0,0.0,0.59,0.0,0.0,4.99,0.0,0.0,0.23,0.0,0.0,0.0,0.0,0.0,0.0,0.0,0.13,0.0,0.0,0.0,0.0,0.65,0.0,0.0,0.0,0.0,0.0,0.0,0.0,0.0,0.0,0.77,0.0,0.0,0.35,0.0,0.0,2.22,0.0,1.75,0.0,0.27,0.0,0.0,0.0,0.0,0.0,0.24,0.68,0.0,0.0,0.0,0.0,0.0,0.0,0.15,0.17,0.0,0.0,0.0,0.0,0.0,0.0,0.12,0.0,0.0,0.0,0.64,0.11,0.0,0.16,0.0,0.0,0.0,3.45,0.0,0.0,0.0,0.0,23.72,0.0,7.23,1.17,0.0,0.0,0.0,0.07,0.0,0.0,0.0,0.0,0.0,0.0,0.0,10.96,0.0,0.0,0.0,0.0,0.0,0.0,0.0,0.0
8,CU5-1126,0.21,0.0,0.0,1.88,0.0,0.0,0.0,0.0,0.0,0.0,0.0,0.0,0.0,0.0,0.0,0.28,0.0,0.0,0.0,0.0,0.83,0.0,0.0,0.0,0.0,0.0,0.0,0.0,0.0,0.33,0.0,0.0,0.0,0.0,0.0,0.0,0.0,0.0,0.0,0.0,0.0,0.0,0.0,0.0,0.5,0.0,0.0,8.63,0.0,0.0,0.0,0.0,0.0,0.0,0.0,0.0,0.0,0.0,0.0,0.96,0.0,0.0,0.0,0.71,0.0,0.0,0.0,0.0,0.0,0.0,0.0,0.0,0.0,0.0,0.0,0.0,0.0,0.0,0.0,2.48,0.0,0.78,0.0,0.35,0.0,0.0,0.0,0.0,0.0,0.14,0.67,0.0,0.0,0.0,0.31,0.0,0.0,0.0,0.3,0.0,0.82,0.0,0.0,0.0,0.0,0.0,0.0,0.0,0.0,0.0,0.0,0.0,0.0,0.0,0.0,0.0,0.0,0.0,0.0,0.0,0.0,0.0,0.0,0.0,3.0,0.0,0.0,0.0,0.0,0.0,0.0,0.0,0.0,0.0,0.0,0.0,21.67,0.0,0.0,0.0,0.0,0.0,0.0,0.0,0.0
9,CU1-1111,0.19,0.79,0.0,0.0,0.0,0.0,1.05,0.0,0.0,0.0,0.0,0.0,0.0,0.0,0.78,0.0,0.0,0.0,0.0,0.0,0.0,0.0,0.0,0.0,0.0,0.0,0.0,0.11,0.0,0.0,0.0,0.0,0.0,0.0,0.0,0.0,0.0,0.0,0.0,0.0,0.0,0.0,0.0,0.0,0.0,0.0,0.0,10.85,0.0,0.0,0.0,0.0,0.0,0.0,0.0,0.15,0.0,0.0,0.27,0.0,0.0,0.0,0.0,0.68,0.0,0.0,0.0,0.16,0.0,0.0,0.0,0.0,0.0,0.0,0.0,0.0,0.0,0.0,0.0,2.43,0.74,0.0,0.0,0.0,0.0,0.0,0.0,0.0,0.0,0.0,0.0,0.0,0.0,0.0,0.0,0.0,0.0,0.0,0.21,0.0,0.0,0.0,0.0,0.0,0.0,0.55,0.0,0.0,0.0,0.0,0.0,0.0,0.0,0.0,0.0,0.0,0.0,0.0,0.0,0.0,0.0,16.06,0.0,0.46,1.65,0.0,0.0,0.0,0.0,0.31,0.0,0.0,0.0,0.0,0.0,0.0,40.13,0.0,0.0,0.0,0.0,0.0,0.0,0.22,0.0
10,CU1-1106,0.26,1.58,0.0,2.1,0.0,0.0,1.93,0.0,0.0,0.0,0.0,0.0,0.0,0.0,0.0,0.0,0.0,0.44,0.0,0.0,0.0,0.0,0.0,0.0,0.0,0.0,0.0,0.0,0.0,0.0,0.0,0.0,0.0,0.0,0.0,0.0,0.0,0.0,0.0,0.0,0.0,0.0,0.0,0.0,0.0,0.0,0.09,0.0,0.0,0.0,0.0,0.0,0.0,0.0,0.0,0.0,0.0,0.0,0.41,0.0,0.0,0.0,0.0,1.24,0.0,0.0,0.0,0.0,0.0,0.0,0.0,0.0,0.0,0.0,0.0,0.0,0.0,0.0,0.0,3.27,0.0,0.79,0.0,0.0,0.0,0.0,0.0,0.0,0.0,0.0,0.0,0.0,0.0,0.0,0.0,0.0,0.0,0.88,0.34,0.0,0.0,0.0,0.0,0.0,0.0,0.0,0.0,0.0,0.0,0.0,0.0,0.0,0.0,0.0,0.0,0.0,0.0,0.0,0.0,0.0,0.0,29.87,0.0,1.4,2.42,0.0,0.23,0.0,0.0,0.0,0.0,0.0,0.0,0.0,0.0,0.0,17.72,0.0,0.0,0.0,0.0,0.0,0.0,0.0,0.0
11,CU1-1125,0.33,0.0,0.0,1.23,1.3,0.0,0.0,0.0,0.0,0.0,0.0,0.0,0.0,0.0,0.0,0.0,0.0,0.0,0.0,0.0,0.54,0.0,0.0,0.0,0.49,0.0,0.0,0.0,0.0,0.0,0.0,0.0,0.0,0.0,0.0,0.0,0.0,0.0,0.0,0.0,0.0,0.0,0.0,0.0,0.0,0.0,0.0,13.94,0.0,0.0,0.0,0.0,0.0,0.0,0.0,0.0,0.0,0.0,0.0,0.0,0.0,0.0,0.0,0.0,0.0,0.0,0.0,0.0,0.0,0.0,0.0,0.0,0.0,0.0,0.0,0.0,0.0,0.0,0.0,0.0,0.0,0.0,0.0,0.0,0.0,0.0,0.0,0.0,0.0,0.0,0.0,0.0,0.0,0.0,0.0,0.0,0.0,0.0,0.53,0.0,0.62,0.0,0.0,0.0,0.0,0.0,0.0,0.0,0.0,0.0,0.0,0.0,0.0,0.0,0.0,0.0,0.0,0.0,0.0,0.22,0.0,0.0,0.0,0.0,5.16,0.0,0.0,0.0,0.0,0.0,0.0,0.0,0.0,0.0,0.0,0.0,31.91,0.0,0.0,0.0,0.0,0.0,0.0,0.0,0.0
12,MU1-1103,0.23,0.32,0.0,11.0,0.0,0.0,0.84,0.0,0.94,0.09,0.0,0.0,0.39,0.0,6.86,0.0,1.78,0.0,0.0,0.0,0.0,0.0,0.0,0.0,0.0,0.0,0.0,0.0,0.0,0.0,0.0,0.0,0.0,0.0,0.0,0.0,0.0,0.0,0.0,0.0,0.0,0.0,0.0,0.0,0.21,0.07,0.0,0.0,0.0,0.0,0.28,0.0,0.0,0.0,0.07,0.0,0.0,0.0,0.0,0.0,0.52,0.6,0.0,0.55,0.0,0.0,0.0,0.0,0.0,0.0,0.0,0.0,0.0,0.0,0.0,0.0,0.0,0.0,0.0,1.21,0.0,2.15,0.0,0.22,0.0,0.0,0.43,0.0,0.0,0.19,0.0,0.0,0.0,0.0,0.09,0.0,0.0,0.0,0.16,0.06,0.0,0.0,0.0,0.0,0.0,0.15,0.0,0.0,0.0,0.0,0.0,0.0,0.11,0.0,0.0,0.0,1.09,0.0,0.0,0.0,0.0,15.78,0.0,6.71,0.95,0.0,0.84,0.0,0.06,0.0,0.0,1.44,0.0,0.0,0.0,0.41,9.62,0.0,0.0,0.0,0.0,0.0,0.0,0.0,0.0
13,MU1-1107,0.18,0.0,0.0,8.97,0.0,0.0,0.47,0.0,0.0,0.0,0.0,0.0,0.49,0.0,5.34,0.0,1.73,0.47,0.0,0.0,0.0,0.0,0.0,0.0,0.0,0.0,0.0,0.0,0.0,0.0,1.0,0.0,0.0,0.0,0.0,0.0,0.0,0.0,0.0,0.0,0.0,0.0,0.0,0.0,0.0,0.0,0.13,0.0,0.0,0.0,0.0,0.0,0.0,0.0,0.0,0.0,0.0,0.0,0.0,0.0,0.0,0.0,0.0,1.22,0.0,0.0,0.0,0.0,0.0,0.0,0.11,0.0,0.0,0.0,0.0,0.0,0.55,0.0,0.0,1.2,0.0,3.58,0.0,0.0,0.0,0.0,0.0,0.0,0.0,0.0,0.44,0.0,0.0,0.0,0.0,0.0,0.0,0.19,0.09,0.0,0.0,0.0,0.0,0.0,1.3,0.0,0.0,0.0,0.0,0.0,0.0,0.0,0.0,0.0,0.0,0.16,1.96,0.0,0.0,0.0,0.0,25.53,0.0,6.38,0.63,0.0,0.1,0.0,0.0,0.0,0.0,0.0,0.0,0.0,0.0,0.0,10.11,0.0,0.0,0.0,0.0,0.0,0.0,0.0,0.0
14,MU1-1125,0.09,0.0,0.0,6.63,0.0,0.0,0.0,0.0,0.0,0.0,0.0,0.0,0.42,0.0,0.0,0.31,0.86,0.0,0.0,0.0,0.0,0.0,0.0,0.0,0.0,0.0,0.0,0.0,0.0,0.0,0.0,0.0,0.0,0.0,0.0,0.0,0.0,0.0,0.0,0.0,0.0,0.0,0.08,0.0,0.78,0.0,0.0,2.73,0.0,0.0,0.0,0.0,0.0,0.0,0.0,0.0,3.54,0.0,0.0,1.79,0.0,0.0,0.0,1.34,0.06,0.0,0.0,0.0,0.0,0.0,4.86,0.0,0.0,0.0,0.0,0.0,0.52,0.0,0.0,0.78,0.0,6.2,0.0,0.52,5.54,0.0,0.0,0.0,0.0,0.12,1.85,0.0,0.0,0.0,0.0,0.0,0.0,0.0,0.08,0.0,5.82,2.71,0.0,0.0,0.0,0.0,0.0,0.0,0.0,0.0,0.0,0.44,0.0,0.0,0.79,3.17,1.1,0.0,0.0,0.0,0.0,0.0,0.0,6.46,0.94,0.0,0.0,0.0,0.0,0.0,0.0,0.58,0.0,0.0,0.27,0.0,6.33,0.0,0.29,0.0,0.0,0.0,0.0,0.0,0.0
15,MU3-1126,0.27,0.0,0.0,4.88,0.0,0.0,0.0,0.0,0.0,0.0,0.0,0.0,0.16,0.0,0.0,0.0,0.95,0.0,0.0,0.0,0.75,0.0,0.0,0.0,0.34,0.0,0.0,0.0,0.0,0.8,0.0,0.0,0.0,0.0,0.0,0.0,0.0,0.0,0.0,0.0,0.52,0.0,0.0,0.0,0.0,0.0,0.0,8.81,0.0,0.0,0.0,0.0,0.0,0.0,0.0,0.0,1.39,0.0,0.0,0.0,0.0,0.0,0.0,0.72,0.15,0.0,0.73,0.0,0.0,0.0,0.2,0.0,0.0,0.0,0.0,0.0,0.0,0.0,0.0,1.09,0.0,1.4,0.0,0.83,0.8,0.0,0.0,0.0,0.0,0.0,0.0,0.0,0.0,0.0,0.0,0.0,0.0,0.0,0.26,0.0,1.65,0.0,0.0,0.0,0.0,0.16,0.0,0.0,0.0,0.0,0.0,0.0,0.0,0.0,0.0,0.26,0.0,0.0,0.0,0.08,0.0,0.0,0.0,2.1,3.05,0.0,0.0,0.0,0.0,0.0,0.0,0.31,0.0,0.0,0.0,0.0,16.73,0.0,0.0,0.0,0.0,0.0,0.0,0.0,0.0
16,MU3-1103,0.27,0.4,0.0,10.71,0.0,0.0,1.17,0.0,0.59,0.12,0.0,0.0,0.34,0.0,5.71,0.0,1.88,0.0,0.0,0.0,0.0,0.0,0.0,0.0,0.0,0.0,0.0,0.0,0.0,0.0,0.0,0.0,0.0,0.0,0.0,0.0,0.0,0.0,1.63,0.0,0.0,0.0,0.0,0.0,0.15,0.0,0.0,9.6,0.0,0.0,0.34,0.0,0.0,0.0,0.07,0.0,0.0,0.0,0.0,0.0,0.7,0.46,0.0,0.0,0.0,0.0,0.0,0.0,0.0,0.0,0.0,0.0,0.0,0.0,0.0,0.0,0.33,0.0,0.0,0.99,0.0,1.8,0.0,0.17,0.0,0.0,0.42,0.0,0.0,0.0,0.0,0.0,0.0,0.0,0.12,0.0,0.0,0.21,0.19,0.0,0.0,0.0,0.0,0.0,1.72,0.24,0.0,0.0,0.1,0.0,0.0,0.0,0.13,0.0,0.0,0.0,1.46,0.0,0.0,0.0,0.0,14.06,0.0,6.19,1.25,0.0,0.84,0.0,0.08,0.0,0.0,1.5,0.0,0.0,0.0,0.0,11.63,0.0,0.0,0.0,0.0,0.0,0.0,0.0,0.0
17,MU3-1124,0.4,0.0,0.0,2.97,0.0,0.0,0.0,0.0,0.0,0.0,0.0,0.0,0.0,0.0,0.0,0.0,0.0,0.0,0.0,0.0,0.64,0.0,0.0,0.0,0.41,0.0,0.0,0.0,0.0,0.0,0.0,0.0,0.0,0.0,0.0,0.0,0.0,0.0,0.0,0.0,0.45,0.0,0.0,0.0,0.0,0.0,0.0,10.84,0.0,0.0,0.0,0.0,0.0,0.0,0.0,0.0,0.89,0.0,0.0,0.0,0.0,0.0,0.0,0.0,0.0,0.0,0.0,0.0,0.0,0.0,0.0,0.0,0.0,0.0,0.0,0.0,0.37,0.0,0.0,1.37,0.0,0.67,0.0,0.33,0.0,0.0,0.0,0.0,0.0,0.0,0.0,0.0,0.0,0.0,0.0,0.0,0.0,0.0,0.39,0.0,1.17,0.0,0.0,0.0,0.0,0.0,0.0,0.0,0.0,0.0,0.0,0.0,0.0,0.0,0.0,0.0,0.0,0.0,0.0,0.0,0.0,0.0,0.0,0.0,3.28,0.0,0.0,0.0,0.0,0.0,0.0,0.0,0.0,0.0,0.0,0.0,25.91,0.0,0.0,0.0,0.0,0.0,0.0,0.0,0.0
18,MU3-1107,0.3,1.18,0.0,5.55,0.0,0.0,0.0,0.0,0.0,0.0,0.0,0.0,0.0,0.0,2.71,0.0,1.46,0.0,0.0,0.0,0.0,0.0,0.0,0.0,0.0,0.0,2.54,0.0,0.0,0.0,0.59,0.0,0.0,0.0,0.0,0.0,0.0,0.0,0.0,0.0,0.0,0.0,0.0,0.0,0.0,0.0,0.0,0.0,0.0,0.0,0.46,0.0,0.0,0.0,0.0,0.0,0.0,0.0,0.0,0.0,0.0,0.0,0.0,0.93,0.0,0.0,0.0,0.0,0.0,0.0,0.0,0.0,0.0,0.0,0.0,0.0,0.46,0.0,0.0,1.23,0.0,1.42,0.0,0.0,0.0,0.0,0.0,0.0,0.0,0.0,0.0,0.0,0.0,0.0,0.0,0.0,0.0,0.43,0.19,0.0,0.0,0.0,0.0,0.0,0.0,0.0,0.0,0.0,0.0,0.0,0.0,0.0,0.0,0.0,0.0,0.0,1.12,0.0,0.0,0.0,0.0,26.67,0.0,3.26,1.62,0.0,0.0,0.0,0.0,0.0,0.0,0.88,0.0,0.0,0.0,0.0,15.52,0.0,0.0,0.0,0.0,0.0,0.0,0.0,0.11
19,MU5-1104,0.09,0.0,0.0,7.97,0.0,0.0,2.55,0.0,0.0,0.0,0.0,0.0,0.0,0.0,3.3,0.0,1.37,0.0,0.0,0.0,0.0,0.0,0.0,0.0,0.0,0.0,0.0,0.0,0.0,0.0,0.0,0.0,0.0,0.0,0.0,0.0,0.0,0.0,0.0,0.0,0.0,0.0,0.0,0.0,0.28,0.0,0.0,9.35,0.0,0.0,0.33,0.0,0.0,0.0,0.0,0.0,0.0,0.0,0.16,0.0,0.0,0.0,0.04,0.43,0.0,0.0,0.0,0.0,0.0,0.0,0.0,0.0,0.0,0.0,0.0,0.0,0.0,0.0,0.0,0.65,0.83,1.86,0.0,0.0,0.0,0.0,0.0,0.0,0.0,0.0,0.0,0.0,0.0,0.0,0.0,0.0,0.0,0.25,0.29,0.0,0.0,0.0,0.0,0.0,0.0,0.0,0.0,0.0,0.0,0.0,0.0,0.0,0.0,0.0,0.0,0.0,1.39,0.0,0.0,0.0,0.0,16.5,0.0,6.67,1.66,0.0,0.0,0.0,0.06,0.0,0.0,0.0,0.0,0.0,0.0,0.0,19.78,0.0,0.0,0.0,0.0,0.0,0.0,0.0,0.0
20,MU5-1125,0.35,0.0,0.0,1.62,0.0,0.0,0.0,0.0,0.0,0.0,0.0,0.0,0.0,0.0,0.0,0.0,0.0,0.0,0.0,0.0,0.63,0.0,0.0,0.0,0.43,0.0,0.0,0.0,0.0,0.0,0.0,0.0,0.0,0.0,0.0,0.0,0.0,0.0,0.0,0.0,0.0,0.0,0.0,0.0,0.0,0.0,0.0,9.85,0.0,0.0,0.0,0.0,0.0,0.0,0.0,0.0,0.0,0.0,0.0,0.0,0.0,0.0,0.0,0.8,0.0,0.0,0.0,0.0,0.0,0.0,0.0,0.0,0.0,0.0,0.0,0.0,0.38,0.0,0.0,2.38,0.0,0.4,0.0,0.34,0.0,0.0,0.0,0.0,0.36,0.0,0.0,0.0,0.0,0.0,0.0,0.0,0.0,0.0,0.38,0.0,0.74,0.0,0.0,0.0,3.09,0.37,0.0,0.0,0.0,0.0,0.0,0.0,0.0,0.0,0.0,0.0,0.0,0.0,0.0,0.18,0.0,0.0,0.0,0.0,2.15,0.0,0.0,0.0,0.0,0.0,0.0,0.0,0.0,0.0,0.0,0.0,24.32,0.0,0.0,0.0,0.0,0.0,0.0,0.0,0.0
21,MU5-1107,0.18,1.88,0.0,6.03,0.0,0.0,0.54,0.0,0.0,0.0,0.0,0.0,0.0,0.0,2.5,0.0,1.53,0.0,0.0,0.0,0.0,0.0,0.08,0.0,0.0,0.0,0.0,0.0,0.0,0.0,0.6,0.0,0.0,0.0,0.0,0.0,0.0,0.0,0.0,0.0,0.0,0.0,0.0,0.0,0.0,0.0,0.0,0.0,0.0,0.0,0.31,0.0,0.0,0.0,0.0,0.0,0.0,0.0,0.24,0.0,0.0,0.0,0.0,1.13,0.0,0.0,0.0,0.0,0.0,0.0,0.0,0.0,0.0,0.0,0.0,0.0,0.5,0.0,0.0,1.65,0.0,2.26,0.0,0.51,0.0,0.0,0.0,0.0,0.0,0.0,0.46,0.0,0.0,0.0,0.0,0.0,0.0,0.0,0.14,0.0,0.0,0.0,0.0,0.0,0.0,0.0,0.0,0.0,0.0,0.0,0.0,0.0,0.0,0.0,0.0,0.0,2.17,0.0,0.0,0.0,0.0,32.02,0.0,5.5,1.27,0.0,0.0,0.0,0.0,0.0,0.0,0.0,0.05,0.0,0.0,0.0,11.5,0.0,0.0,0.0,0.0,0.0,0.0,0.0,0.0
22,MU2-1106,0.14,0.69,0.0,9.67,0.0,0.0,0.44,0.0,0.64,0.0,0.0,0.0,0.0,0.0,2.9,0.0,1.52,0.0,0.06,0.0,0.0,0.0,0.0,0.0,0.0,0.0,0.0,0.0,0.0,0.0,0.0,0.0,0.0,0.0,0.0,0.0,0.0,0.0,0.0,0.0,0.0,0.0,0.0,0.0,0.0,0.0,0.21,0.0,0.11,0.0,0.2,0.0,0.0,0.0,0.0,0.0,0.0,0.0,0.14,0.0,0.0,0.0,0.0,0.56,0.0,0.0,0.0,0.0,0.0,0.0,0.11,0.0,0.0,0.15,0.0,0.0,0.35,0.0,0.0,0.84,0.0,4.01,0.0,0.47,0.0,0.0,0.0,0.0,0.0,0.0,0.48,0.0,0.0,0.0,0.0,0.0,0.0,0.17,0.08,0.0,0.0,0.0,0.0,0.0,0.0,0.1,0.0,0.0,0.0,0.0,0.0,0.0,0.0,0.0,0.0,0.25,2.46,0.0,0.0,0.0,0.0,20.02,0.0,10.05,0.81,0.0,0.0,0.0,0.0,0.0,0.0,1.43,0.0,0.0,0.0,0.0,6.39,0.0,0.0,0.25,0.0,0.0,0.0,0.0,0.0
23,MU2-1126,0.11,0.0,0.0,6.34,0.0,0.0,0.0,0.0,0.0,0.0,0.0,0.0,0.0,0.0,0.0,0.2,0.72,0.32,0.0,0.0,0.0,0.0,0.0,0.0,0.0,0.0,0.0,0.0,0.0,0.0,0.0,0.0,0.0,0.0,0.0,0.0,0.0,0.0,0.0,0.0,0.34,0.0,0.13,0.0,1.64,0.0,0.0,2.11,0.0,0.0,0.0,0.0,0.0,0.0,0.0,0.1,2.82,0.0,0.0,0.0,0.0,0.0,0.0,0.75,0.0,0.0,0.0,0.0,0.0,0.0,14.27,0.0,0.0,0.81,0.0,0.0,0.11,0.0,0.0,1.74,0.0,3.71,0.0,0.0,5.58,0.0,0.14,0.0,0.0,0.0,5.81,0.0,0.0,0.0,0.0,0.0,0.0,0.0,0.06,0.0,2.22,1.25,0.0,0.0,0.57,0.37,0.0,0.0,0.0,0.0,0.0,1.55,0.0,0.0,0.0,5.05,1.08,0.0,0.0,0.0,0.0,0.0,0.0,5.1,0.75,0.0,0.0,0.0,0.0,0.0,0.0,0.38,0.0,0.0,1.38,0.0,5.09,0.0,0.0,0.0,0.0,0.0,0.0,0.0,0.0
24,MU2-1103,0.23,0.46,0.0,11.97,0.0,0.0,0.96,0.0,1.35,0.0,0.0,0.0,0.0,0.0,4.05,0.0,1.88,0.0,0.0,0.0,0.0,0.0,0.0,0.0,0.0,0.0,0.0,0.0,0.0,0.0,0.0,0.0,0.0,0.0,0.0,0.0,0.0,0.0,0.0,0.0,0.0,0.0,0.0,0.0,0.28,0.09,0.0,6.16,0.0,0.0,0.21,0.0,0.0,0.0,0.0,0.0,0.0,0.12,0.2,0.0,0.37,0.0,0.0,0.0,0.0,0.0,0.0,0.0,0.0,0.0,0.0,0.0,0.0,0.21,0.0,0.0,0.0,0.0,0.0,1.44,0.0,2.2,0.0,0.14,0.0,0.0,0.34,0.0,0.0,0.39,0.28,0.0,0.0,0.0,0.0,0.0,0.0,0.13,0.19,0.0,0.0,0.0,0.0,0.0,0.0,0.0,0.0,0.0,0.0,0.0,0.0,0.0,0.14,0.0,0.0,0.0,2.8,0.0,0.0,0.0,0.0,15.72,0.0,11.45,1.26,0.0,0.0,0.0,0.07,0.0,0.0,2.12,0.0,0.0,0.0,0.0,10.54,0.0,0.0,0.0,0.0,0.0,0.0,0.0,0.0
25,MU2-1124,0.13,0.0,0.0,7.88,0.0,0.0,0.0,0.0,0.0,0.0,0.0,0.0,0.23,0.0,0.0,0.0,0.8,0.0,0.0,0.0,0.0,0.0,0.0,0.0,0.32,0.0,0.0,0.0,0.0,0.22,0.0,0.0,0.0,0.0,0.0,0.0,0.0,0.0,0.0,0.0,0.47,0.0,0.12,0.0,2.24,0.0,0.0,2.12,0.0,0.0,0.0,0.0,0.0,0.0,0.0,0.0,3.01,0.0,0.0,3.03,0.0,0.0,0.0,0.86,0.0,0.0,0.08,0.0,0.0,0.0,7.22,0.0,0.04,1.0,0.0,0.0,0.0,0.0,0.0,1.46,0.17,4.63,0.0,0.39,5.59,0.0,0.24,0.0,0.0,0.0,5.33,0.0,0.0,0.0,0.0,0.0,0.0,0.0,0.07,0.0,3.45,2.35,0.0,0.0,0.86,0.3,0.0,0.0,0.0,0.0,0.0,0.69,0.0,0.0,0.0,4.16,1.59,0.0,0.0,0.0,0.0,0.0,0.0,5.44,1.09,0.0,0.0,0.0,0.0,0.0,0.0,0.83,0.0,0.0,0.91,0.0,4.88,0.0,0.0,0.0,0.0,0.0,0.17,0.0,0.0
26,MU2-1111,0.12,0.5,0.0,4.87,0.0,0.0,0.45,0.0,0.71,0.0,0.0,0.0,0.0,0.0,0.0,0.0,0.8,0.0,0.0,0.0,0.0,0.0,0.0,0.0,0.0,0.0,0.0,0.0,0.0,0.0,0.0,0.0,0.0,0.0,0.0,0.0,0.0,0.0,0.0,0.0,0.0,0.0,0.0,0.0,0.0,0.06,0.0,5.7,0.08,0.04,0.0,0.0,0.0,0.0,0.0,0.06,0.0,0.0,0.0,0.0,0.0,0.0,0.0,0.0,0.0,0.0,0.0,0.0,0.15,0.0,1.47,0.0,0.0,0.41,0.0,0.08,0.27,0.03,0.0,0.93,0.0,4.21,0.0,0.33,0.0,0.0,0.0,0.0,0.0,0.0,1.22,0.0,0.0,0.0,0.0,0.0,0.0,0.0,0.06,0.0,2.35,0.0,0.0,0.0,0.0,0.09,0.0,0.0,0.0,0.48,0.0,0.22,0.0,0.0,0.0,0.99,2.41,0.0,0.0,0.0,0.0,12.05,0.0,7.58,0.59,0.0,0.0,0.0,0.0,0.0,0.0,0.93,0.0,0.0,0.19,0.0,18.68,0.0,0.0,0.0,0.0,0.0,0.0,0.0,0.0
27,MU4-1103,0.25,0.25,0.0,11.81,0.0,0.0,2.27,0.0,0.96,0.0,0.0,0.0,0.0,0.0,6.32,0.0,1.42,0.0,0.0,0.0,0.0,0.0,0.0,0.0,0.0,0.0,0.0,0.0,0.0,0.0,0.0,0.0,0.0,0.0,0.0,0.0,0.0,0.0,0.0,0.0,0.0,0.0,0.0,0.0,0.0,0.0,0.0,7.04,0.0,0.0,0.33,0.0,0.0,0.0,0.0,0.0,0.0,0.0,0.19,0.0,0.0,0.0,0.06,0.0,0.0,0.0,0.0,0.0,0.0,0.0,0.0,0.0,0.0,0.0,0.0,0.0,0.0,0.0,0.0,1.2,0.72,1.21,0.0,0.0,0.0,0.0,0.0,0.0,0.0,0.0,0.0,0.0,0.0,0.0,0.0,0.0,0.0,0.11,0.27,0.0,0.0,0.0,0.0,0.0,0.0,0.31,0.0,0.0,0.0,0.0,0.0,0.0,0.13,0.0,0.0,0.0,0.83,0.0,0.0,0.0,0.0,12.22,0.0,5.89,1.72,0.0,0.0,0.0,0.1,0.0,0.0,1.56,0.0,0.0,0.0,0.28,15.69,0.0,0.0,0.0,0.0,0.0,0.0,0.0,0.0
28,MU4-1107,0.11,0.4,0.0,12.53,0.0,0.0,0.46,0.0,0.43,0.0,0.0,0.0,0.0,0.0,5.23,0.0,1.16,0.0,0.08,0.0,0.0,0.0,0.0,0.0,0.0,0.0,0.0,0.0,0.0,0.0,1.85,0.0,0.0,0.0,0.0,0.0,0.0,0.0,1.16,0.0,0.0,0.0,0.0,0.0,0.0,0.0,0.13,0.0,0.0,0.0,0.0,0.0,0.0,0.0,0.0,0.0,0.0,0.0,0.0,0.0,0.0,0.0,0.0,0.0,0.0,0.0,0.07,0.0,0.0,0.0,0.0,0.0,0.0,0.0,0.0,0.0,0.0,0.0,0.0,0.48,0.0,2.99,0.0,0.62,0.0,0.0,0.0,0.0,0.0,0.0,0.0,0.0,0.0,0.0,0.0,0.0,0.0,0.19,0.07,0.0,0.0,0.08,0.0,0.0,0.0,0.0,0.0,0.0,0.0,0.0,0.0,0.0,0.0,0.0,0.0,0.1,1.23,0.5,0.0,0.0,0.0,12.4,0.0,6.15,0.59,0.0,0.08,0.0,0.0,0.0,0.0,0.0,0.0,0.0,0.0,0.42,7.85,0.0,0.0,0.0,0.0,0.0,0.0,0.0,0.0
29,MU4-1124,0.11,0.0,0.0,6.8,0.0,0.0,0.0,0.0,0.0,0.0,0.0,0.0,0.3,0.0,0.0,0.0,0.57,0.0,0.0,0.0,0.0,0.0,0.0,0.0,0.59,0.0,0.0,0.0,0.0,0.0,0.0,0.0,0.0,0.0,0.0,0.0,0.0,0.0,0.0,0.0,0.0,0.0,0.12,0.0,1.67,0.0,0.0,2.65,0.0,0.0,0.0,0.0,0.0,0.0,0.07,0.0,2.86,0.0,0.0,2.53,0.0,0.0,0.0,1.81,0.0,0.0,0.0,0.0,0.0,0.0,7.5,0.0,0.0,0.6,0.0,0.0,0.4,0.0,0.0,1.47,0.0,5.58,0.0,0.63,4.91,0.0,0.0,0.0,0.0,0.0,4.47,0.0,0.0,0.0,0.0,0.0,0.0,0.0,0.1,0.0,5.17,1.93,0.0,0.0,0.0,0.0,0.0,0.0,0.0,0.0,0.0,0.72,0.0,0.0,0.0,4.13,1.25,0.0,0.0,0.0,0.0,0.0,0.0,4.15,0.6,0.0,0.0,0.0,0.0,0.0,0.0,0.67,0.0,0.0,0.73,0.0,5.7,0.0,0.49,0.0,0.0,0.0,0.0,0.0,0.0
30,MR2-1110,0.11,0.81,0.0,3.56,0.0,0.0,0.22,0.0,0.77,0.0,0.0,0.0,0.29,0.0,1.98,0.0,0.88,0.0,0.0,0.0,0.0,0.0,0.0,0.0,0.0,0.0,0.0,0.0,0.0,0.0,0.0,0.11,0.0,0.0,0.0,0.0,0.0,0.0,0.64,0.0,0.0,0.0,0.38,0.26,0.0,0.0,0.0,0.0,0.08,0.0,0.0,0.0,0.0,0.0,0.0,0.05,0.0,0.0,0.05,0.0,0.0,0.0,0.0,0.96,0.0,0.0,0.0,0.0,0.0,0.0,11.38,0.0,0.13,2.04,0.0,0.0,0.21,0.0,0.0,1.27,0.0,5.4,0.0,0.36,0.0,0.0,0.0,0.0,0.0,0.0,10.52,0.0,0.0,0.0,0.0,0.0,0.0,0.0,0.05,0.0,0.0,0.0,0.0,0.0,0.0,0.0,0.0,0.0,0.0,1.1,0.0,0.61,0.0,0.0,0.0,0.0,2.48,0.0,0.0,0.0,0.0,12.7,0.0,5.87,0.51,0.02,0.0,0.0,0.0,0.0,0.0,0.55,0.0,0.0,1.59,0.0,3.41,0.0,0.0,0.0,0.0,0.0,0.0,0.0,0.0
31,MR2-1126,0.07,0.0,0.0,4.8,0.0,0.0,0.0,0.0,1.2,0.0,0.0,0.0,0.16,0.0,0.0,0.14,0.69,0.0,0.0,0.0,0.15,0.0,0.0,0.0,0.0,0.0,0.0,0.0,0.0,0.0,0.0,0.0,0.0,0.0,0.0,0.0,0.0,0.0,0.0,0.0,0.24,0.0,0.5,0.0,2.25,0.0,0.0,1.49,0.0,0.0,0.0,0.0,0.0,0.0,0.0,0.0,1.38,0.0,0.0,0.0,0.0,0.0,0.0,0.59,0.0,0.0,0.0,0.0,0.0,0.0,20.78,0.0,0.08,0.83,0.0,0.0,0.08,0.0,0.0,1.93,0.0,3.03,0.0,0.24,6.51,0.0,0.1,0.0,0.0,0.0,9.06,0.0,0.0,0.0,0.0,0.0,0.0,0.0,0.05,0.0,1.56,1.17,0.0,0.72,0.0,0.58,0.0,0.0,0.0,0.0,0.0,1.1,0.0,0.0,0.0,7.18,0.65,0.0,0.0,0.0,0.0,0.0,0.0,4.52,0.7,0.0,0.0,0.0,0.0,0.0,0.0,0.24,0.0,0.0,2.57,0.0,3.42,0.0,0.0,0.0,0.0,0.0,0.21,0.0,0.0
32,MR2-1105,0.09,0.97,0.0,4.69,0.0,0.0,0.44,0.09,0.66,0.0,0.0,0.0,0.41,0.0,3.49,0.0,1.02,0.41,0.0,0.0,0.0,0.0,0.0,0.0,0.0,0.0,0.0,0.0,0.0,0.0,0.0,0.0,0.0,0.0,0.0,0.0,0.0,0.0,0.75,0.0,0.0,0.0,0.0,0.24,0.0,0.05,0.0,0.0,0.07,0.0,0.0,0.0,0.0,0.05,0.02,0.0,0.0,0.0,0.05,0.0,0.0,0.0,0.0,1.16,0.0,0.0,0.0,0.0,0.0,0.0,5.38,0.0,0.0,2.29,0.0,0.0,0.0,0.0,0.0,0.88,0.16,6.82,0.0,0.0,4.63,0.03,0.0,0.0,0.0,0.08,8.92,0.0,0.0,0.0,0.0,0.0,0.0,0.09,0.05,0.0,0.0,0.0,0.0,0.0,0.0,0.05,0.0,0.0,0.0,1.07,0.0,0.42,0.0,0.0,0.0,2.98,3.56,0.0,0.0,0.0,0.0,12.81,0.0,6.66,0.35,0.0,0.0,0.0,0.0,0.0,0.0,1.1,0.0,0.0,1.11,0.33,3.76,0.0,0.0,0.0,0.0,0.0,0.16,0.0,0.0
33,MR5-1110,0.06,0.72,0.0,4.65,0.0,0.0,0.19,0.1,0.6,0.0,0.0,0.0,0.37,0.0,2.47,0.0,1.11,0.0,0.0,0.04,0.0,0.0,0.0,0.0,0.0,0.0,0.0,0.0,0.0,0.18,0.0,0.0,0.0,0.0,0.0,0.0,0.0,0.0,0.59,0.0,0.0,0.0,0.4,0.0,0.0,0.0,0.0,0.0,0.0,0.0,0.0,0.0,0.0,0.0,0.0,0.0,0.0,0.03,0.08,0.0,0.0,0.0,0.0,1.27,0.0,0.0,0.0,0.0,0.0,0.0,12.94,0.0,0.0,1.69,0.0,0.0,0.0,0.0,0.0,0.83,0.0,5.12,0.0,0.39,0.0,0.0,0.0,0.0,0.0,0.0,9.66,0.0,0.0,0.0,0.0,0.0,0.09,0.1,0.04,0.0,0.0,0.0,0.0,0.0,0.0,0.04,0.0,0.0,0.0,1.16,0.0,1.13,0.0,0.0,0.0,0.0,1.95,0.0,0.0,0.0,0.0,11.75,0.0,5.98,0.3,0.0,0.0,0.0,0.0,0.0,0.0,0.0,0.0,0.0,2.49,0.0,2.81,0.0,0.0,0.0,0.0,0.13,0.0,0.0,0.02
34,MR5-1126,0.08,0.0,0.0,5.29,0.0,0.0,0.0,0.0,0.93,0.0,0.0,0.0,0.17,0.0,0.0,0.0,0.82,0.0,0.0,0.0,0.13,0.0,0.0,0.0,0.11,0.0,0.0,0.0,0.0,0.0,0.0,0.0,0.0,0.0,0.0,0.0,0.0,0.0,0.0,0.0,0.0,0.0,0.35,0.0,2.16,0.0,0.0,1.7,0.0,0.0,0.0,0.0,0.0,0.0,0.0,0.0,0.99,0.0,0.0,0.0,0.0,0.0,0.0,0.63,0.0,0.0,0.0,0.0,0.0,0.0,22.13,0.0,0.0,0.74,0.0,0.0,0.0,0.0,0.0,1.24,0.0,2.8,0.0,0.26,7.29,0.0,0.23,0.0,0.0,0.0,8.11,0.0,0.0,0.0,0.0,0.0,0.0,0.0,0.05,0.0,1.57,1.09,0.0,0.0,0.61,0.0,0.0,0.0,0.0,0.0,0.0,1.19,0.0,0.0,0.0,10.04,0.68,0.0,0.0,0.0,0.0,0.0,0.0,4.25,0.46,0.0,0.0,0.0,0.0,0.0,0.0,0.25,0.0,0.0,3.13,0.05,3.95,0.0,0.22,0.0,0.0,0.0,0.3,0.0,0.0
35,MR1-1126,0.29,0.0,0.0,1.21,0.0,0.0,0.0,0.0,0.0,0.0,0.0,0.0,0.0,0.0,0.0,0.0,0.0,0.0,0.0,0.0,0.61,0.0,0.0,0.0,0.3,0.0,0.0,0.0,0.0,0.0,0.0,0.0,0.0,0.0,0.0,0.0,0.0,0.0,0.0,0.0,0.0,0.0,0.0,0.0,0.28,0.0,0.0,11.59,0.0,0.0,0.0,0.0,0.0,0.0,0.0,0.0,0.0,0.0,0.0,0.0,0.0,0.0,0.0,1.37,0.0,0.0,0.0,0.0,0.0,0.0,1.4,0.0,0.0,0.0,0.0,0.0,0.44,0.0,0.0,2.21,0.0,0.5,0.0,0.0,1.58,0.0,0.0,0.0,0.0,0.0,0.68,0.0,0.0,0.0,0.0,0.0,0.0,0.0,0.46,0.0,1.12,0.0,0.0,0.0,0.0,0.0,0.0,0.0,0.0,0.0,0.0,0.0,0.0,0.0,0.0,0.81,0.0,0.0,0.0,0.0,0.0,0.0,0.0,0.0,4.13,0.0,0.0,0.0,0.0,0.0,0.0,0.0,0.0,0.0,0.0,0.0,27.43,0.0,0.83,0.0,0.0,0.0,0.0,0.0,0.0
36,MR1-1109,0.13,2.61,0.0,1.12,0.0,0.0,0.53,0.0,0.0,0.0,0.0,0.0,0.0,0.0,1.78,0.0,0.92,0.0,0.0,0.0,0.0,0.0,0.0,0.0,0.0,0.0,0.0,0.0,0.0,0.0,0.28,0.27,0.0,0.0,0.0,0.0,0.0,0.0,0.0,0.0,0.0,0.0,0.0,0.0,0.0,0.0,0.0,0.0,0.0,0.0,0.0,0.0,0.0,0.0,0.0,0.12,0.0,0.0,0.17,0.0,0.0,0.0,0.0,2.24,0.0,0.0,0.0,0.0,0.0,0.0,0.69,0.0,0.0,1.53,0.0,0.0,0.75,0.0,0.0,1.96,0.0,1.28,0.0,0.61,0.0,0.0,0.0,0.0,0.0,0.0,1.72,0.0,0.0,0.0,0.0,0.0,0.0,1.44,0.11,0.0,0.0,0.0,0.0,0.0,0.0,0.0,0.0,0.0,0.0,0.0,0.0,0.08,0.0,0.0,0.0,0.5,1.6,0.0,0.0,0.0,0.0,22.77,0.0,1.59,0.85,0.0,0.0,0.0,0.0,0.22,0.0,0.0,0.0,0.0,0.0,0.0,19.92,0.0,0.0,0.0,0.0,0.0,0.0,0.0,0.21
37,MR3-1110,0.31,0.0,0.0,2.21,0.0,0.0,1.73,0.0,0.0,0.0,0.0,0.0,0.0,0.0,0.0,0.0,0.0,0.0,0.0,0.0,0.0,0.0,0.0,0.0,0.0,0.0,0.0,0.0,0.0,0.0,0.0,0.0,0.0,0.0,0.0,0.0,0.0,0.0,1.57,0.0,0.0,0.0,0.0,0.0,0.0,0.0,0.0,0.0,0.0,0.0,0.0,0.0,0.0,0.0,0.0,0.0,0.0,0.0,0.59,0.0,0.0,0.0,0.0,0.0,0.0,0.0,0.0,0.37,0.0,0.0,0.16,0.0,0.0,0.0,0.0,0.0,0.0,0.0,0.0,1.94,0.0,0.49,0.19,0.0,0.0,0.0,0.0,0.0,0.47,0.0,0.0,0.0,0.0,0.0,0.0,0.0,0.0,0.0,0.53,0.0,0.0,0.0,0.0,0.0,0.0,0.79,0.0,0.0,0.0,0.0,0.0,0.0,0.0,0.0,0.0,0.0,0.0,0.0,0.0,0.0,0.0,7.24,0.0,0.0,2.46,0.0,0.0,0.0,0.0,0.0,0.0,0.0,0.11,0.0,0.0,0.0,26.16,0.0,0.0,0.0,0.0,0.0,0.0,0.0,0.21
38,MR3-1105,0.13,0.27,0.0,2.26,0.0,0.0,2.35,0.0,0.0,0.0,0.0,0.0,0.0,0.0,0.95,0.0,0.0,0.0,0.0,0.0,0.0,0.0,0.0,0.0,0.0,0.0,5.11,0.0,0.0,0.0,0.0,0.0,0.0,0.0,0.13,0.0,0.0,0.0,0.0,0.0,0.0,0.0,0.0,0.0,0.0,0.0,0.0,13.9,0.0,0.0,0.0,0.0,0.0,0.0,0.0,0.0,0.0,0.0,0.0,0.0,0.0,0.0,0.0,0.0,0.0,0.0,0.0,0.16,0.0,0.0,0.0,0.0,0.0,0.0,0.0,0.0,0.0,0.0,0.0,1.28,0.0,0.0,0.0,0.0,0.0,0.23,0.0,0.0,0.0,0.0,0.0,0.0,0.0,0.0,0.0,0.0,0.0,0.57,0.33,0.0,0.0,0.0,0.0,0.0,0.0,0.67,0.0,0.0,0.0,0.0,0.0,0.0,0.0,0.0,0.0,0.0,0.0,0.0,0.0,1.75,0.0,8.46,0.0,0.34,2.21,0.0,0.0,0.0,0.0,0.0,0.0,0.0,0.0,0.0,0.0,0.0,25.62,0.0,0.0,0.0,0.0,0.0,0.0,0.0,0.0
39,MR3-1126,0.23,0.0,0.0,1.19,0.0,0.0,0.0,0.0,0.0,0.0,0.0,0.0,0.0,0.0,0.0,0.0,0.0,0.0,0.0,0.0,0.58,0.0,0.0,0.0,0.47,0.0,0.0,0.0,0.0,0.0,0.0,0.0,0.0,0.0,0.0,0.0,0.0,0.0,0.0,0.0,0.0,0.0,0.0,0.0,0.0,0.0,0.0,14.99,0.0,0.0,0.0,0.0,0.0,0.0,0.0,0.0,0.0,0.0,0.0,0.0,0.0,0.0,0.0,0.0,0.0,0.0,0.0,0.0,0.0,0.0,0.78,0.0,0.0,0.0,0.0,0.0,0.0,0.0,0.0,0.0,0.0,0.0,0.0,0.0,1.22,0.0,0.0,0.0,0.0,0.0,0.44,0.0,0.0,0.0,0.0,0.0,0.0,0.0,0.63,0.0,0.37,0.0,0.0,0.0,0.0,0.0,0.0,0.0,0.0,0.0,0.0,0.0,0.0,0.0,0.0,0.55,0.0,0.0,0.0,0.0,0.0,0.0,0.0,0.0,7.97,0.0,0.0,0.0,0.0,0.0,0.0,0.0,0.0,0.0,0.0,0.0,35.49,0.0,0.0,0.0,0.0,0.0,0.0,0.0,0.0
40,MR4-1110,0.18,3.33,0.0,2.04,0.0,0.0,0.42,0.0,0.45,0.0,0.0,0.0,0.48,0.0,1.46,0.0,1.18,0.0,0.0,0.0,0.0,0.0,0.0,0.0,0.0,0.0,0.0,0.0,0.0,0.0,0.0,0.37,0.0,0.0,0.0,0.0,0.0,0.0,0.0,0.0,0.0,0.0,0.06,0.7,0.0,0.0,0.0,0.0,0.0,0.0,0.0,0.0,0.0,0.0,0.0,0.16,0.0,0.0,0.0,0.0,0.0,0.0,0.0,2.18,0.0,0.0,0.07,0.0,0.0,0.0,1.79,0.0,0.0,1.96,0.0,0.0,0.54,0.0,0.0,2.2,0.0,4.73,0.0,0.99,0.0,0.0,0.0,0.0,0.0,0.0,3.78,0.0,0.0,0.0,0.0,0.0,0.0,0.0,0.1,0.0,0.0,0.0,0.0,0.0,0.0,0.11,0.0,0.0,0.0,0.51,0.0,0.12,0.0,0.0,0.0,0.0,4.6,0.0,0.0,0.0,0.0,27.68,0.0,4.82,1.05,0.0,0.0,0.0,0.0,0.0,0.0,0.0,0.04,0.0,0.51,0.0,7.54,0.0,0.0,0.0,0.0,0.0,0.0,0.0,0.07
41,MR4-1126,0.28,0.0,0.0,1.12,0.0,0.0,0.0,0.0,0.0,0.0,0.0,0.0,0.0,0.0,1.12,0.0,0.68,0.0,0.0,0.0,1.04,0.0,0.0,0.0,0.0,0.0,0.0,0.0,0.0,0.0,0.0,0.0,0.0,0.0,0.0,0.0,0.0,0.0,0.0,0.0,1.83,0.0,0.0,0.0,0.67,0.0,0.0,6.07,0.0,0.0,0.0,0.0,0.0,0.0,0.0,0.44,0.0,0.0,0.0,0.97,0.0,0.0,0.0,2.5,0.16,0.0,0.0,0.0,0.0,0.0,2.84,0.0,0.0,0.48,0.0,0.0,0.56,0.0,0.0,4.16,0.0,2.65,0.0,0.76,0.98,0.0,0.0,0.0,0.17,0.0,2.16,0.0,0.0,0.0,0.0,0.0,0.0,0.0,0.2,0.0,0.0,0.0,0.0,0.0,0.0,0.0,0.0,0.0,0.0,0.0,0.0,0.0,0.0,0.0,0.0,1.09,1.39,0.0,0.0,0.0,0.0,0.0,0.0,0.0,2.79,0.0,0.0,0.0,0.0,0.0,0.0,0.0,0.0,0.0,0.38,0.0,14.55,0.0,0.0,0.0,0.0,0.0,0.0,0.0,0.0
42,MR4-1105,0.12,2.86,0.0,3.13,1.68,0.0,0.69,0.0,0.68,0.0,0.0,0.0,0.53,0.0,2.25,0.0,1.33,0.0,0.0,0.0,0.0,0.0,0.0,0.0,0.0,0.0,0.0,0.0,0.0,0.0,0.0,0.32,0.0,0.0,0.0,0.0,0.0,0.0,0.7,0.0,0.0,0.0,0.0,0.36,0.0,0.0,0.0,0.0,0.08,0.0,0.0,0.0,0.0,0.0,0.0,0.12,0.0,0.0,0.07,0.0,0.0,0.0,0.0,2.03,0.0,0.0,0.0,0.0,0.0,0.0,0.79,0.0,0.0,2.05,0.0,0.0,0.56,0.0,0.0,0.0,0.24,5.54,0.0,0.78,0.0,0.06,0.0,0.0,0.0,0.0,3.62,0.0,0.0,0.0,0.0,0.0,0.0,0.25,0.08,0.0,0.0,0.0,0.0,0.0,0.0,0.11,0.0,0.0,0.0,0.62,0.0,0.1,0.0,0.0,0.0,0.56,5.45,0.0,0.0,0.0,0.0,26.47,0.0,6.07,0.51,0.0,0.0,0.0,0.0,0.0,0.0,1.09,0.0,0.0,0.26,0.0,6.4,0.0,0.0,0.0,0.0,0.0,0.0,0.0,0.0
43,CR5-1121,0.1,0.0,0.0,2.3,0.0,0.0,0.0,0.0,0.46,0.0,0.0,0.0,0.88,0.0,0.0,0.0,1.07,0.0,0.0,0.0,0.53,0.0,0.0,0.0,0.32,0.0,0.0,0.0,0.0,0.0,0.0,0.0,0.0,0.0,0.0,0.0,0.0,0.0,0.0,0.0,1.22,0.0,0.13,0.0,2.04,0.0,0.0,4.53,0.0,0.0,0.0,0.0,0.0,0.0,0.0,0.0,0.09,0.0,0.0,1.8,0.0,0.0,0.0,2.06,0.0,0.0,0.0,0.0,0.0,0.0,4.97,0.0,0.0,1.96,0.0,0.0,0.51,0.0,0.0,2.44,0.0,3.55,0.0,0.46,1.69,0.0,0.0,0.0,0.0,0.0,6.29,0.0,0.0,0.0,0.0,0.0,0.0,0.0,0.18,0.0,6.25,0.0,0.0,0.0,0.0,0.0,0.0,0.0,0.0,0.0,0.0,0.36,0.0,0.0,0.0,3.38,1.64,0.0,0.0,0.15,0.0,0.0,0.0,2.34,1.98,0.0,0.0,0.0,0.0,0.0,0.0,0.53,0.0,0.0,1.36,0.0,9.23,0.0,0.0,0.0,0.0,0.0,0.0,0.0,0.0
44,CR5-1110,0.07,1.44,0.0,3.99,0.0,0.0,0.38,0.0,0.58,0.0,0.0,0.0,1.31,0.0,11.53,0.0,1.37,0.86,0.0,0.0,0.0,0.0,0.0,0.0,0.0,0.0,0.0,0.0,0.0,0.0,0.0,0.0,0.0,0.0,0.0,0.0,0.0,0.0,0.0,0.0,0.0,0.0,0.0,0.0,0.0,0.0,0.0,0.0,0.0,0.0,0.0,0.0,0.0,0.0,0.0,0.0,0.0,0.0,0.08,0.0,0.0,0.0,0.0,0.0,0.0,0.0,0.0,0.0,0.0,0.0,2.22,0.0,0.0,1.63,0.0,0.0,0.98,0.0,0.0,1.37,0.0,5.77,0.0,0.0,0.0,0.0,0.0,0.0,0.0,0.0,5.0,0.0,0.0,0.0,0.0,0.0,0.0,0.0,0.1,0.0,0.0,0.0,0.0,0.0,0.0,0.0,0.0,0.0,0.0,0.74,0.0,0.2,0.0,0.0,0.0,0.0,3.05,0.0,0.0,0.0,0.0,15.65,0.0,4.39,0.48,0.0,0.0,0.0,0.0,0.0,0.0,0.0,0.0,0.0,0.57,0.0,4.85,0.0,0.0,0.0,0.0,0.1,0.0,0.0,0.06
45,CR1-1121,0.12,0.0,0.0,2.06,0.0,0.0,0.0,0.0,0.0,0.0,0.0,0.0,0.37,0.0,0.0,0.0,0.0,0.0,0.0,0.0,0.23,0.0,0.0,0.0,0.22,0.0,0.0,0.0,0.0,0.25,0.0,0.0,0.0,0.0,0.0,0.0,0.0,0.0,0.0,0.0,0.0,0.0,0.0,0.0,2.94,0.0,0.0,4.87,0.0,0.0,0.0,0.0,0.0,0.0,0.0,0.0,0.0,0.0,0.0,2.13,0.0,0.0,0.0,1.36,0.0,0.0,0.0,0.0,0.0,0.0,5.08,0.0,0.0,4.36,0.0,0.0,0.0,0.0,0.0,1.71,0.0,4.03,0.0,0.36,1.22,0.0,0.0,0.0,0.0,0.0,9.84,0.0,0.0,0.0,0.0,0.0,0.0,0.0,0.21,0.0,1.61,0.0,0.0,0.0,0.0,0.0,0.0,0.0,0.0,0.0,0.0,0.49,0.0,0.0,0.0,2.48,2.89,0.0,0.0,0.0,0.0,0.0,0.0,3.48,1.37,0.0,0.0,0.0,0.0,0.0,0.0,0.38,0.0,0.0,1.38,0.0,8.86,0.0,0.0,0.0,0.0,0.0,0.0,0.0,0.0
46,CR1-1109,0.06,2.42,0.0,3.9,0.0,0.0,0.28,0.0,0.51,0.0,0.05,0.0,0.56,0.0,3.32,0.0,1.33,0.0,0.0,0.0,0.0,0.0,0.0,0.0,0.0,0.0,0.0,0.0,0.0,0.0,0.31,0.0,0.0,0.0,0.0,0.0,0.0,0.0,0.0,0.0,0.0,0.0,0.0,0.0,0.0,0.0,0.0,0.0,0.0,0.0,0.0,0.0,0.0,0.0,0.0,0.0,0.0,0.0,0.1,0.0,0.0,0.0,0.0,1.72,0.0,0.0,0.0,0.0,0.0,0.0,1.53,0.0,0.0,3.34,0.0,0.0,0.0,0.0,0.0,1.27,0.0,5.53,0.0,0.64,0.0,0.0,0.0,0.0,0.0,0.0,6.22,0.0,0.0,0.0,0.0,0.0,0.0,0.49,0.05,0.0,0.0,0.0,0.0,0.0,0.0,0.0,0.0,0.0,0.0,1.08,0.0,0.15,0.0,0.0,0.0,0.91,5.46,0.0,0.0,0.0,0.0,20.03,0.0,5.97,0.45,0.0,0.08,0.0,0.0,0.0,0.0,1.36,0.03,0.0,0.41,0.44,7.06,0.0,0.0,0.0,0.0,0.0,0.0,0.0,0.0
47,CR3-1121,0.15,0.0,0.0,1.72,0.0,0.0,0.0,0.0,0.0,0.0,0.0,0.0,0.0,0.0,0.0,0.0,0.0,0.0,0.0,0.0,0.32,0.0,0.0,0.0,0.2,0.0,2.79,0.0,0.0,0.0,0.0,0.0,0.0,0.0,0.0,0.0,0.0,0.0,0.0,0.0,0.84,0.0,0.0,0.0,1.12,0.0,0.0,6.48,0.0,0.0,0.0,0.0,0.0,0.0,0.0,0.0,0.0,0.0,0.0,1.2,0.0,0.0,0.0,2.36,0.0,0.0,0.0,0.0,0.0,0.0,2.02,0.0,0.0,0.47,0.0,0.0,0.61,0.0,0.0,4.1,0.0,3.82,0.0,0.58,1.23,0.0,0.0,0.64,0.0,0.0,3.54,0.0,0.0,0.0,0.0,0.0,0.0,0.0,0.28,0.0,3.71,0.0,0.0,0.0,0.0,0.0,0.0,0.0,0.0,0.0,0.0,0.0,0.0,0.0,0.0,1.06,0.8,0.0,0.0,0.11,0.0,0.0,0.0,0.0,3.24,0.0,0.0,0.0,0.0,0.0,0.0,0.0,0.0,0.0,0.22,0.0,14.9,0.0,0.0,0.0,0.0,0.0,0.0,0.0,0.0
48,CR3-1110,0.08,2.06,0.0,2.92,0.0,0.0,0.57,0.04,0.84,0.0,0.0,0.0,0.0,0.0,7.36,0.0,1.12,0.0,0.0,0.0,0.0,0.0,0.0,0.0,0.0,0.0,0.0,0.0,0.0,0.0,0.0,0.0,0.0,0.0,0.0,0.0,0.0,0.0,0.0,0.0,0.0,0.0,0.0,0.19,0.0,0.0,0.0,0.0,0.0,0.0,0.0,0.0,0.0,0.0,0.0,0.0,0.0,0.0,0.09,0.0,0.0,0.0,0.0,3.69,0.0,0.0,0.05,0.0,0.0,0.0,1.35,0.0,0.0,1.09,0.0,0.0,1.09,0.0,0.0,3.08,0.0,6.74,0.0,1.12,0.0,0.0,0.0,0.0,0.0,0.0,4.46,0.0,0.0,0.0,0.0,0.0,0.0,0.3,0.08,0.0,0.0,0.0,0.0,0.0,0.0,0.12,0.0,0.0,0.0,0.42,0.0,0.09,0.0,0.0,0.0,0.89,2.9,0.0,0.0,0.0,0.0,18.0,0.0,3.75,0.84,0.0,0.0,0.0,0.0,0.0,0.0,0.0,0.04,0.0,0.25,0.0,6.85,0.0,0.0,0.0,0.0,0.0,0.0,0.0,0.06
49,CR4-1110,0.06,1.19,0.0,9.07,0.0,0.0,0.35,0.0,0.66,0.03,0.0,0.0,0.59,0.0,6.03,0.0,1.43,0.0,0.0,0.0,0.0,0.0,0.0,0.0,0.0,0.0,0.0,0.0,0.0,0.0,0.0,0.0,0.0,0.0,0.0,0.0,0.0,0.0,0.0,0.0,0.0,0.0,0.0,0.0,0.0,0.0,0.0,0.0,0.14,0.0,0.16,0.0,0.0,0.0,0.0,0.0,0.0,0.0,0.12,0.0,0.0,0.0,0.0,0.0,0.0,0.0,0.0,0.0,0.04,0.0,0.84,0.0,0.0,0.5,0.0,0.0,0.35,0.0,0.0,1.02,0.0,6.36,0.0,0.71,0.0,0.0,0.0,0.0,0.0,0.0,1.83,0.0,0.0,0.0,0.0,0.0,0.0,0.0,0.1,0.0,0.0,0.0,0.0,0.0,0.0,0.0,0.0,0.0,0.0,0.0,0.0,0.0,0.0,0.0,0.0,0.0,3.29,0.0,0.0,0.0,0.0,15.66,0.0,6.95,0.62,0.06,0.0,0.0,0.0,0.0,0.0,2.32,0.0,0.0,0.13,0.0,4.12,0.0,0.0,0.0,0.0,0.0,0.0,0.0,0.07
50,CR4-1121,0.1,0.0,0.0,8.85,0.0,0.0,0.0,0.0,1.23,0.0,0.0,0.0,0.53,0.0,0.0,0.34,1.1,0.0,0.0,0.0,0.0,0.0,0.0,0.0,0.0,0.0,0.0,0.0,0.0,0.27,0.0,0.0,0.0,0.0,0.0,0.0,0.0,0.0,0.0,0.0,0.0,0.0,0.07,0.0,2.71,0.0,0.0,0.0,0.0,0.0,0.0,0.0,0.0,0.0,0.0,0.0,2.52,0.0,0.0,2.31,0.0,0.0,0.0,1.39,0.0,0.0,0.0,0.0,0.0,0.0,4.72,0.0,0.05,0.95,0.0,0.0,0.0,0.0,0.0,1.61,0.0,7.23,0.0,0.49,2.54,0.0,0.0,0.0,0.0,0.15,6.61,0.0,0.0,0.0,0.0,0.0,0.0,0.0,0.09,0.0,5.48,2.37,0.0,0.0,0.0,0.0,0.0,0.0,0.0,0.0,0.0,0.24,0.0,0.0,0.0,3.21,2.11,0.0,0.0,0.0,0.0,0.0,0.0,5.89,0.79,0.0,0.0,0.03,0.0,0.0,0.0,1.12,0.0,0.0,0.56,0.0,4.87,0.0,0.0,0.0,0.0,0.0,0.0,0.0,0.0
51,CR2-1121,0.07,0.0,0.0,4.54,0.0,0.0,0.0,0.0,0.0,0.0,0.0,0.0,0.46,0.0,0.0,0.0,0.87,0.0,0.0,0.0,0.0,0.0,0.0,0.0,0.15,0.0,0.0,0.0,0.0,0.0,0.0,0.0,0.0,0.0,0.0,0.0,0.0,0.0,0.0,0.0,0.43,0.0,0.37,0.0,3.29,0.0,0.0,0.0,0.0,0.0,0.0,0.0,0.0,0.0,0.0,0.0,0.65,0.0,0.0,2.58,0.0,0.0,0.0,1.21,0.0,0.0,0.0,0.0,0.0,0.0,15.6,0.0,0.12,1.0,0.0,0.0,0.25,0.0,0.0,1.25,0.0,3.9,0.0,0.47,5.73,0.0,0.0,0.0,0.0,0.0,10.38,0.0,0.0,0.0,0.0,0.0,0.0,0.0,0.1,0.0,3.74,0.0,0.0,0.49,0.0,0.0,0.0,0.0,0.0,0.0,0.0,0.41,0.0,0.0,0.43,7.85,0.98,0.0,0.0,0.05,0.0,0.0,0.0,2.92,0.7,0.0,0.0,0.0,0.0,0.0,0.0,0.45,0.0,0.0,2.08,0.0,4.99,0.0,0.0,0.0,0.0,0.0,0.3,0.0,0.0
52,CR2-1110,0.06,0.79,0.0,4.6,0.0,0.0,0.33,0.0,0.45,0.0,0.0,0.0,0.76,0.0,5.73,0.0,1.11,0.73,0.0,0.0,0.0,0.0,0.0,0.0,0.0,0.0,0.0,0.0,0.0,0.0,0.0,0.0,0.0,0.0,0.0,0.0,0.0,0.0,0.0,0.0,0.0,0.0,0.08,0.0,0.0,0.0,0.0,0.0,0.0,0.0,0.0,0.0,0.0,0.0,0.0,0.0,0.0,0.0,0.11,0.0,0.0,0.0,0.0,1.58,0.0,0.0,0.0,0.0,0.0,0.0,3.2,0.0,0.0,1.17,0.0,0.0,0.63,0.0,0.0,0.82,0.0,5.41,0.0,0.0,0.0,0.0,0.0,0.0,0.0,0.0,5.82,0.0,0.0,0.0,0.0,0.0,0.0,0.27,0.05,0.0,0.0,0.0,0.0,0.0,0.0,0.0,0.0,0.0,0.0,0.0,0.0,0.0,0.0,0.0,0.0,2.91,2.08,0.0,0.0,0.0,0.0,10.73,0.0,4.22,0.71,0.0,0.0,0.0,0.0,0.0,0.0,0.0,0.0,0.0,0.5,0.0,9.05,0.0,0.0,0.0,0.0,0.13,0.0,0.0,0.0
53,CD4-1106,0.07,0.82,0.0,4.48,0.0,0.0,0.54,0.0,0.63,0.0,0.0,0.0,0.76,0.0,12.74,0.0,0.82,0.0,0.0,0.0,0.0,0.0,0.0,0.0,0.0,0.0,0.0,0.0,0.0,0.0,0.0,0.0,0.0,0.0,0.0,0.0,0.0,0.0,0.0,0.0,0.0,0.0,0.0,0.0,0.0,0.0,0.21,0.0,0.06,0.0,0.0,0.0,0.0,0.0,0.0,0.0,0.0,0.09,0.0,0.0,0.0,0.54,0.0,1.76,0.0,0.0,0.0,0.0,0.0,0.0,0.56,0.0,0.0,0.27,0.0,0.0,1.15,0.0,0.0,1.59,0.0,3.99,0.0,0.86,0.0,0.0,0.18,0.0,0.0,0.0,0.79,0.0,0.0,0.0,0.0,0.0,0.0,0.11,0.07,0.0,0.0,0.0,0.0,0.0,0.0,0.21,0.0,0.0,0.0,0.0,0.0,0.11,0.0,0.0,0.0,0.81,1.63,0.0,0.0,0.0,0.0,13.19,0.0,3.23,0.7,0.06,0.0,0.0,0.0,0.0,0.0,1.01,0.0,0.0,0.11,0.0,7.8,0.1,0.0,0.23,0.0,0.0,0.0,0.0,0.0
54,CD4-1109,0.1,0.46,0.0,4.29,0.0,0.0,0.51,0.0,0.67,0.0,0.0,0.0,0.0,0.0,11.09,0.0,0.0,0.0,0.0,0.0,0.0,0.0,0.0,0.0,0.0,0.0,0.0,0.0,0.0,0.0,1.62,0.0,0.0,0.0,0.0,0.07,0.0,0.0,1.53,0.0,0.0,0.0,0.0,0.0,0.0,0.0,0.11,0.0,0.06,0.0,0.28,0.0,0.0,0.0,0.07,0.0,0.0,0.11,0.13,0.0,0.0,0.0,0.0,1.63,0.11,0.0,0.0,0.0,0.08,0.0,1.49,0.0,0.0,0.17,0.0,0.0,1.02,0.0,0.0,1.59,0.0,4.43,0.0,1.08,0.0,0.0,0.25,0.0,0.0,0.0,0.96,0.0,0.0,0.0,0.0,0.0,0.19,0.29,0.07,0.0,0.0,0.0,0.0,0.0,0.0,0.0,0.0,0.0,0.0,0.0,0.0,0.18,0.0,0.0,0.0,1.51,1.02,0.0,0.0,0.0,0.0,10.19,0.0,2.79,1.15,0.0,0.06,0.0,0.0,0.0,0.0,0.61,0.0,0.0,0.0,0.0,8.85,0.0,0.0,0.0,0.0,0.0,0.0,0.0,0.0
55,CD6-1123,0.17,0.0,0.0,5.54,0.0,0.0,0.0,0.0,0.0,0.0,0.0,0.0,0.24,0.0,0.0,0.0,0.0,0.0,0.0,0.0,0.0,0.0,0.0,0.0,0.35,0.0,0.0,0.0,0.0,0.0,0.0,0.0,0.0,0.0,0.0,0.0,0.0,0.0,0.0,0.0,0.0,0.0,0.0,0.0,0.44,0.0,0.0,0.0,0.0,0.0,0.0,0.0,0.0,0.0,0.0,0.0,2.41,0.52,0.0,0.77,0.0,0.0,0.0,0.64,0.0,0.0,0.0,0.0,0.0,0.0,10.04,0.0,0.0,0.0,0.15,0.0,0.0,0.0,0.0,2.34,0.0,1.43,0.0,0.0,7.04,0.0,0.79,0.0,0.0,0.0,1.45,0.0,0.0,0.0,0.0,0.0,1.07,0.3,0.32,0.0,5.74,0.0,0.0,0.0,0.0,0.3,0.0,0.0,0.0,0.0,0.0,1.65,0.0,0.0,1.22,5.12,0.0,0.0,0.0,0.0,0.0,0.0,0.0,0.0,2.34,0.0,0.0,0.0,0.0,0.0,0.0,0.24,0.0,0.0,1.48,0.0,15.35,0.0,0.0,0.0,0.0,0.0,0.0,0.0,0.0
56,CD6-1109,0.04,0.37,0.2,5.28,0.0,0.0,0.41,0.0,0.51,0.0,0.0,0.0,0.92,0.0,11.66,0.0,0.92,0.0,0.0,0.0,0.0,0.0,0.0,0.0,0.0,0.0,0.0,0.0,0.0,0.0,1.68,0.1,0.0,0.0,0.0,0.0,0.0,0.0,0.0,0.0,0.0,0.0,0.08,0.0,0.0,0.0,0.1,0.0,0.0,0.0,0.2,0.0,0.0,0.0,0.06,0.0,0.0,0.09,0.09,0.0,0.0,0.0,0.0,1.39,0.0,0.0,0.0,0.0,0.0,0.0,4.28,0.0,0.0,0.36,0.0,0.0,0.7,0.0,0.0,0.84,0.0,5.35,0.0,0.55,0.0,0.0,0.18,0.0,0.0,0.0,2.88,0.0,0.0,0.0,0.0,0.0,0.0,0.22,0.06,0.0,0.0,0.05,0.0,0.0,0.0,0.0,0.0,0.0,0.0,0.0,0.0,0.31,0.0,0.0,0.0,2.29,1.04,0.0,0.0,0.0,0.0,8.06,0.0,3.24,0.8,0.0,0.0,0.0,0.0,0.0,0.0,0.84,0.0,0.0,0.36,0.0,6.76,0.0,0.0,0.0,0.0,0.0,0.2,0.13,0.0
57,CD7-1123,0.19,0.0,0.0,2.07,0.0,0.0,0.0,0.0,0.0,0.0,0.0,0.0,0.49,0.0,0.0,0.0,0.0,0.0,0.0,0.0,0.2,0.0,0.0,0.0,0.31,0.0,0.0,0.0,0.0,0.0,0.0,0.0,0.0,0.0,0.0,0.0,0.0,0.0,0.0,0.0,0.0,0.0,0.16,0.0,0.52,0.0,0.0,7.68,0.0,0.0,0.0,0.0,0.0,0.0,0.0,0.0,0.82,0.0,0.0,1.02,0.0,0.0,0.0,0.79,0.0,0.0,0.0,0.0,0.0,0.0,5.55,0.0,0.0,0.0,0.0,0.0,0.19,0.0,0.0,1.99,0.0,1.62,0.0,0.0,2.13,0.0,0.53,1.0,0.0,0.0,2.96,0.0,0.0,0.0,0.0,0.0,0.0,0.56,0.41,0.0,7.52,0.0,0.0,0.0,2.38,0.39,0.0,0.0,0.0,0.0,0.0,0.0,0.0,0.0,0.0,1.67,0.0,0.0,0.0,0.0,0.0,0.0,0.0,0.0,4.66,0.0,0.0,0.0,0.0,0.0,0.0,0.0,0.0,0.0,0.67,0.0,19.4,0.0,0.0,0.0,0.0,0.0,0.0,0.0,0.0
58,CD5-1123,0.36,0.0,0.0,5.61,0.0,0.0,0.0,0.0,1.23,0.0,0.0,0.0,0.63,0.0,0.0,0.36,0.0,0.0,0.0,0.0,0.0,0.0,0.0,0.0,0.0,0.0,0.0,0.0,0.0,0.0,0.0,0.0,0.0,0.0,0.0,0.0,0.0,0.0,0.0,0.0,0.0,0.0,0.11,0.0,1.17,0.0,0.0,4.06,0.0,0.0,0.0,0.0,0.0,0.0,0.0,0.0,4.54,0.39,0.0,1.48,0.0,0.0,0.0,1.44,0.0,0.0,0.0,0.0,0.0,0.0,10.91,0.0,0.0,0.0,0.0,0.0,0.26,0.0,0.0,2.89,0.0,3.88,0.0,0.32,5.2,0.0,0.58,0.0,0.0,0.0,4.8,0.0,0.0,0.0,0.0,0.0,1.55,0.19,0.15,0.0,10.24,0.0,0.0,0.94,0.0,0.15,0.0,0.0,0.0,0.0,0.0,1.35,0.0,0.0,0.0,4.84,0.0,0.0,0.0,0.0,0.0,0.0,0.0,1.38,0.84,0.0,0.0,0.0,0.0,0.0,0.0,0.37,0.0,0.0,1.35,0.0,7.48,0.0,0.0,0.0,0.0,0.0,0.0,0.0,0.0
59,CD5-1104,0.07,0.91,0.0,5.13,0.0,0.0,0.85,0.0,0.72,0.0,0.0,0.0,0.87,0.0,13.62,0.0,0.9,0.94,0.0,0.0,0.0,0.0,0.0,0.0,0.0,0.0,0.0,0.0,0.0,0.0,0.0,0.0,0.0,0.0,0.0,0.0,0.0,0.0,0.0,0.0,0.0,0.0,0.0,0.0,1.36,0.07,0.0,4.77,0.04,0.0,0.0,0.0,0.0,0.0,0.07,0.0,0.0,0.07,0.0,0.0,0.0,0.11,0.0,1.31,0.0,0.0,0.0,0.0,0.0,0.0,0.16,0.0,0.0,0.62,0.0,0.0,0.96,0.05,0.0,1.04,0.0,4.48,0.0,0.0,0.0,0.0,0.09,0.0,0.0,0.17,1.23,0.0,0.0,0.0,0.0,0.0,0.0,0.17,0.1,0.0,0.0,0.0,0.0,0.0,0.0,0.07,0.0,0.0,0.0,0.0,0.0,0.0,0.0,0.0,0.0,0.29,3.34,0.0,0.0,0.0,0.0,7.11,0.0,3.3,0.69,0.0,0.0,0.0,0.0,0.0,0.0,3.0,0.0,0.0,0.05,0.0,9.52,0.0,0.0,0.0,0.0,0.0,0.0,0.0,0.0
60,CD5-1106,0.09,1.51,0.0,5.66,0.0,0.0,0.42,0.0,0.69,0.0,0.11,0.0,0.93,0.0,10.81,0.0,1.04,0.99,0.0,0.0,0.0,0.0,0.0,0.0,0.0,0.0,0.0,0.0,0.0,0.0,0.0,0.0,0.0,0.0,0.0,0.0,0.0,0.0,0.0,0.0,0.0,0.0,0.0,0.0,0.0,0.0,0.22,0.0,0.07,0.0,0.0,0.0,0.0,0.0,0.0,0.0,0.0,0.07,0.11,0.0,0.0,0.46,0.0,1.9,0.0,0.0,0.0,0.0,0.0,0.0,0.34,0.0,0.0,0.75,0.0,0.0,0.88,0.0,0.0,1.57,0.0,5.82,0.0,0.0,0.0,0.0,0.11,0.0,0.0,0.0,2.01,0.0,0.0,0.0,0.0,0.0,0.0,0.18,0.04,0.0,0.0,0.0,0.0,0.0,0.0,0.08,0.0,0.0,0.0,0.35,0.0,0.0,0.0,0.0,0.0,0.36,3.32,0.0,0.0,0.0,0.0,12.31,0.0,3.84,0.36,0.05,0.0,0.0,0.0,0.0,0.0,2.47,0.0,0.0,0.07,0.0,4.39,0.0,0.0,0.25,0.0,0.0,0.0,0.0,0.0
61,CD5-1109,0.15,0.79,0.0,5.9,0.0,0.0,0.6,0.0,0.52,0.0,0.0,0.0,0.9,0.0,10.07,0.0,0.94,1.04,0.0,0.0,0.0,0.0,0.0,0.0,0.0,0.0,0.0,0.0,0.0,0.0,2.69,0.0,0.0,0.0,0.0,0.0,0.0,0.0,0.0,0.0,0.0,0.0,0.0,0.0,0.0,0.0,0.18,0.0,0.07,0.08,0.0,0.0,0.0,0.0,0.0,0.0,0.0,0.12,0.08,0.0,0.0,0.0,0.0,1.72,0.06,0.0,0.0,0.0,0.14,0.0,0.83,0.0,0.0,0.55,0.0,0.0,1.08,0.0,0.0,0.85,0.0,5.16,0.0,0.0,0.0,0.0,0.22,0.0,0.0,0.0,1.92,0.0,0.0,0.0,0.0,0.0,0.0,0.07,0.05,0.0,0.0,0.0,0.0,0.0,0.0,0.0,0.0,0.0,0.0,0.0,0.0,0.11,0.0,0.0,0.0,0.95,2.03,0.0,0.0,0.0,0.0,6.93,0.0,3.07,0.5,0.15,0.0,0.0,0.0,0.0,0.0,2.19,0.0,0.0,0.18,0.0,6.48,0.0,0.0,0.0,0.0,0.0,0.0,0.0,0.0
62,CU3-1217,0.0,0.28,0.0,8.09,0.0,0.0,0.32,0.0,0.62,0.0,0.0,0.0,0.22,0.0,0.0,0.0,1.19,0.0,0.0,0.0,0.34,0.0,0.0,0.0,0.0,0.0,0.0,0.0,0.0,0.0,0.0,0.19,0.0,0.0,0.0,0.0,0.0,0.0,0.0,0.0,0.0,0.0,0.03,0.0,0.0,0.0,0.0,0.0,0.15,0.0,0.0,0.0,0.0,0.0,0.04,0.11,0.0,0.0,0.0,0.0,0.0,0.0,0.0,1.49,0.0,0.0,0.0,0.0,0.0,0.0,4.26,0.0,0.0,0.33,0.0,0.0,0.26,0.0,0.0,1.14,0.0,5.37,0.0,0.41,0.0,0.0,0.0,0.0,0.0,0.0,0.0,0.0,0.0,0.0,0.0,0.0,0.0,0.0,0.06,0.0,0.0,0.0,0.0,0.0,0.0,0.06,0.0,0.0,0.0,0.89,0.0,0.7,0.0,0.0,0.0,3.26,1.16,0.0,0.0,0.0,0.0,26.36,0.0,13.13,0.72,0.0,0.0,0.0,0.0,0.0,0.0,0.0,0.0,0.0,0.34,0.0,4.26,0.0,0.0,0.0,0.0,0.0,0.0,0.0,0.0
63,CU4-1217,0.0,0.17,0.0,7.55,0.0,0.0,0.29,0.16,0.65,0.0,0.0,0.0,0.31,0.0,4.55,0.0,0.84,0.0,0.0,0.0,0.0,0.0,0.0,0.0,0.0,0.0,1.07,0.0,0.0,0.0,0.0,0.0,0.0,0.0,0.0,0.0,0.0,0.0,0.0,0.0,0.0,0.0,0.3,0.0,0.0,0.0,0.0,0.0,0.0,0.0,0.0,0.0,0.0,0.0,0.0,0.09,0.0,0.0,0.0,0.0,0.0,0.0,0.0,1.57,0.0,0.0,0.24,0.0,0.0,0.0,10.4,0.0,0.0,0.63,0.0,0.0,0.0,0.0,0.0,1.55,0.0,3.13,0.0,0.42,0.0,0.0,0.0,0.0,0.0,0.0,8.38,0.0,0.0,0.0,0.0,0.0,0.0,0.0,0.1,0.0,0.0,0.0,0.0,0.0,3.46,0.25,0.0,0.0,0.0,0.58,0.0,0.21,0.0,0.0,0.0,6.31,0.44,0.0,0.0,0.0,0.0,10.31,0.0,3.36,1.24,0.0,0.0,0.0,0.0,0.21,0.0,0.0,0.0,0.0,0.96,0.0,6.29,0.0,0.0,0.0,0.0,0.0,0.0,0.0,0.0
64,CU4-1103,0.0,1.31,0.0,4.46,0.0,0.0,1.02,0.0,1.06,0.08,0.0,0.0,0.45,0.0,6.61,0.0,0.0,0.0,0.0,0.0,0.0,0.0,0.0,0.05,0.0,0.0,0.0,0.0,0.0,0.0,0.0,0.0,0.0,0.0,0.0,0.0,0.0,0.0,0.0,0.0,0.0,0.0,0.0,0.0,0.56,0.13,0.0,8.58,0.0,0.0,0.35,0.0,0.0,0.0,0.0,0.0,0.0,0.12,0.0,0.0,0.57,0.0,0.0,1.28,0.0,0.0,0.0,0.11,0.0,0.0,0.0,0.0,0.0,0.39,0.0,0.0,0.0,0.0,0.0,2.09,0.0,3.49,0.0,0.62,0.0,0.0,0.61,0.0,0.0,0.0,0.86,0.0,0.0,0.0,0.0,0.0,0.0,0.28,0.16,0.0,0.0,0.0,0.0,0.0,0.0,0.0,0.0,0.0,0.12,0.37,0.09,0.0,0.18,0.0,0.0,0.0,2.65,0.0,0.0,0.0,0.0,19.28,0.0,4.62,0.9,0.11,0.0,0.0,0.06,0.0,0.0,1.2,0.0,0.12,0.0,0.9,8.33,0.0,0.0,0.0,0.0,0.0,0.0,0.0,0.0
65,CU5-1217,0.0,0.53,0.0,2.78,0.0,0.0,1.17,0.0,0.0,0.0,0.0,0.0,0.0,0.0,0.0,0.0,0.0,0.0,0.0,0.0,0.55,0.0,0.0,0.0,0.0,0.0,0.0,0.0,0.0,0.0,0.0,0.0,0.0,0.0,0.0,0.0,0.0,0.0,0.77,0.0,0.0,0.0,0.0,0.0,0.0,0.0,0.0,0.0,0.0,0.0,0.0,0.0,0.0,0.0,0.0,0.26,0.0,0.0,0.0,0.0,0.0,0.0,0.0,0.99,0.0,0.0,0.62,0.0,0.0,0.0,0.17,0.0,0.0,0.0,0.0,0.0,0.53,0.0,0.0,1.66,0.0,0.64,0.0,0.4,0.0,0.0,0.0,0.0,0.0,0.0,0.26,0.0,0.0,0.0,0.0,0.0,0.0,0.0,0.37,0.0,0.0,0.0,0.0,0.0,3.37,0.5,0.0,0.0,0.0,0.0,0.0,0.0,0.0,0.0,0.0,0.0,0.4,0.0,0.0,0.0,0.0,29.01,0.0,2.16,3.25,0.0,0.0,0.0,0.0,2.15,0.0,0.0,0.0,0.0,0.0,0.0,20.48,0.0,0.0,0.0,0.0,0.0,0.0,0.0,0.0
66,CU1-1103,0.0,1.06,0.2,4.42,0.0,0.0,1.89,0.0,0.62,0.11,0.0,0.0,0.0,0.0,6.29,0.0,0.0,0.0,0.0,0.0,0.26,0.0,0.0,0.0,0.0,0.0,0.0,0.0,0.0,0.0,0.0,0.0,0.0,0.0,0.0,0.0,0.0,0.0,1.92,0.0,0.0,0.0,0.0,0.0,0.2,0.0,0.0,0.0,0.0,0.0,0.46,0.0,0.0,0.0,0.0,0.0,0.0,0.0,0.0,0.0,0.0,0.0,0.0,1.39,0.0,0.0,0.0,0.0,0.0,0.0,0.0,0.0,0.0,0.0,0.0,0.0,1.01,0.0,0.0,2.32,0.0,1.99,0.0,0.49,0.0,0.0,0.7,0.0,0.0,0.0,0.23,0.0,0.0,0.0,0.0,0.0,0.0,0.39,0.26,0.0,0.0,0.0,0.0,0.0,0.0,0.0,0.0,0.0,0.22,0.0,0.0,0.0,0.16,0.0,0.0,0.0,1.14,0.0,0.0,0.0,0.0,20.99,0.0,2.96,1.32,0.13,0.0,0.0,0.0,0.0,0.0,0.76,0.0,0.12,0.0,0.0,11.58,0.0,0.0,0.0,0.0,0.0,0.0,0.0,0.0
67,MR5-1105,0.0,0.65,0.0,6.05,0.0,0.0,0.35,0.0,0.2,0.0,0.0,0.0,0.58,0.0,4.87,0.0,1.23,0.0,0.0,0.0,0.0,0.0,0.0,0.0,0.0,0.0,0.0,0.0,0.0,0.0,0.0,0.0,0.0,0.0,0.0,0.0,0.0,0.0,0.0,0.0,0.0,0.0,0.24,0.2,0.0,0.06,0.0,0.0,0.05,0.0,0.0,0.0,0.0,0.0,0.0,0.0,0.0,0.04,0.04,0.0,0.0,0.0,0.0,1.75,0.0,0.0,0.0,0.0,0.0,0.0,9.18,0.0,0.07,1.19,0.0,0.0,0.3,0.0,0.0,0.5,0.0,6.56,0.0,0.39,5.99,0.03,0.0,0.0,0.0,0.0,7.75,0.0,0.0,0.0,0.0,0.0,0.0,0.05,0.04,0.0,0.0,0.0,0.0,0.0,0.0,0.05,0.0,0.0,0.0,0.92,0.0,0.95,0.0,0.0,0.0,6.12,2.06,0.0,0.0,0.0,0.0,11.46,0.0,6.13,0.3,0.04,0.0,0.0,0.0,0.0,0.0,0.0,0.0,0.0,1.67,0.0,3.3,0.0,0.0,0.0,0.0,0.0,0.2,0.0,0.0
68,MR1-1105,0.0,2.32,0.0,1.73,0.0,0.0,1.26,0.0,0.0,0.0,0.0,0.0,0.58,0.0,2.53,0.0,1.17,0.0,0.0,0.0,0.0,0.0,0.0,0.0,0.0,0.0,3.71,0.0,0.0,0.0,0.0,0.0,0.0,0.0,0.0,0.0,0.08,0.0,0.0,0.0,0.0,0.0,0.0,0.0,0.0,0.0,0.0,6.88,0.0,0.0,0.0,0.0,0.0,0.0,0.0,0.1,0.0,0.0,0.0,0.0,0.0,0.0,0.0,1.83,0.0,0.0,0.04,0.0,0.0,0.0,0.44,0.0,0.0,1.73,0.0,0.0,0.88,0.0,0.0,1.34,0.0,1.81,0.0,0.59,0.0,0.11,0.0,0.0,0.0,0.0,1.93,0.0,0.0,0.0,0.0,0.0,0.0,0.78,0.17,0.0,0.0,0.0,0.0,0.0,0.0,0.21,0.0,0.0,0.0,0.57,0.0,0.0,0.0,0.0,0.0,0.35,1.93,0.0,0.0,0.0,0.0,26.58,0.0,2.56,1.11,0.0,0.0,0.0,0.0,0.0,0.0,0.0,0.0,0.0,0.2,0.0,13.45,0.22,0.0,0.0,0.0,0.0,0.0,0.0,0.0
69,MR4-1214,0.0,0.65,0.0,2.72,0.0,0.0,1.25,0.0,0.0,0.0,0.0,0.0,0.48,0.0,2.69,0.0,0.0,0.0,0.0,0.0,0.0,0.0,0.0,0.0,0.0,0.0,0.0,0.0,0.0,0.0,0.0,0.0,0.0,0.0,0.0,0.0,0.0,0.0,0.84,0.0,0.0,0.0,0.0,0.0,0.0,0.0,0.0,0.0,0.0,0.0,0.0,0.0,0.0,0.0,0.0,0.0,0.0,0.0,0.0,0.0,0.0,0.0,0.0,2.48,0.0,0.0,0.4,0.0,0.0,0.0,1.59,0.0,0.0,0.0,0.0,0.0,0.0,0.0,0.0,1.78,0.0,4.12,0.0,1.17,1.58,0.0,0.0,0.0,0.0,0.0,0.76,0.0,0.0,0.0,0.0,0.0,0.0,0.0,0.35,0.0,0.0,0.0,0.0,0.0,0.0,0.31,0.0,0.0,0.0,0.0,0.0,0.0,0.0,0.0,0.0,1.44,1.07,0.0,0.0,0.0,0.0,22.23,0.0,3.39,1.69,0.0,0.0,0.0,0.0,0.0,0.0,0.0,0.0,0.0,0.0,1.13,14.53,0.0,0.0,0.0,0.0,0.0,0.0,0.0,0.0
70,CR5-1214,0.0,0.98,0.0,1.4,0.0,0.0,0.87,0.0,0.0,0.0,0.0,0.0,1.32,0.0,8.24,0.0,0.8,0.0,0.0,0.0,0.5,0.0,0.0,0.0,0.0,0.0,0.0,0.0,0.0,0.0,0.0,0.0,0.0,0.0,0.0,0.0,0.2,0.0,0.0,0.0,0.0,0.0,0.26,0.0,0.0,0.0,0.0,0.0,0.0,0.0,0.0,0.0,0.0,0.0,0.0,0.17,0.0,0.0,0.0,0.0,0.0,0.0,0.0,3.05,0.0,0.0,0.0,0.0,0.0,0.0,5.26,0.0,0.0,0.64,0.0,0.12,0.65,0.0,0.0,3.29,0.0,3.46,0.0,0.41,1.29,0.0,0.0,0.0,0.0,0.0,3.52,0.0,0.0,0.0,0.0,0.0,0.0,0.33,0.2,0.0,0.0,0.0,0.0,0.0,1.94,0.26,0.0,0.0,0.0,0.0,0.0,0.28,0.0,0.0,0.0,2.94,0.92,0.0,0.0,0.0,0.0,19.02,0.0,2.04,1.67,0.0,0.0,0.0,0.0,0.0,0.0,0.0,0.0,0.0,0.74,0.0,12.5,0.0,0.0,0.0,0.0,0.0,0.0,0.0,0.0
71,CR5-1105,0.0,1.56,0.0,3.85,0.0,0.0,0.85,0.0,0.5,0.0,0.0,0.0,1.37,0.0,13.11,0.0,0.0,0.0,0.0,0.0,0.0,0.0,0.0,0.0,0.0,0.0,0.0,0.0,0.0,0.0,0.0,0.0,0.0,0.0,0.0,0.0,0.0,0.0,0.0,0.0,0.0,0.0,0.0,0.0,0.0,0.0,0.0,0.0,0.0,0.0,0.21,0.0,0.0,0.0,0.0,0.0,0.0,0.0,0.14,0.0,0.0,0.0,0.0,0.0,0.0,0.0,0.0,0.0,0.0,0.0,0.35,0.0,0.0,0.98,0.0,0.0,1.23,0.0,0.0,0.83,0.32,5.42,0.0,0.95,0.0,0.08,0.0,0.0,0.0,0.0,2.46,0.0,0.0,0.0,0.0,0.0,0.0,0.14,0.17,0.0,0.0,0.0,0.0,0.0,0.0,0.0,0.0,0.0,0.0,0.46,0.0,0.0,0.0,0.0,0.0,0.58,3.08,0.0,0.0,0.0,0.0,14.34,0.0,3.7,1.21,0.0,0.0,0.0,0.0,0.11,0.0,1.35,0.0,0.0,0.13,0.0,7.03,0.06,0.0,0.0,0.0,0.0,0.0,0.0,0.0
72,CR1-1214,0.0,0.92,0.0,2.35,0.0,0.0,0.51,0.0,0.38,0.0,0.0,0.0,0.85,0.0,4.49,0.0,0.0,0.0,0.0,0.0,0.0,0.0,0.0,0.0,0.0,0.0,0.0,0.0,0.0,0.0,0.0,0.0,0.0,0.0,0.0,0.0,0.0,0.0,0.45,0.0,0.0,0.0,0.1,0.0,0.0,0.0,0.0,0.0,0.0,0.0,0.0,0.0,0.0,0.0,0.0,0.0,0.0,0.0,0.0,0.0,0.0,0.0,0.0,2.31,0.0,0.0,0.24,0.0,0.0,0.0,8.12,0.0,0.0,1.58,0.0,0.11,0.0,0.0,0.0,1.51,0.28,6.34,0.0,0.32,1.57,0.0,0.0,0.0,0.0,0.0,7.91,0.0,0.0,0.0,0.0,0.0,0.0,0.0,0.15,0.0,0.0,0.0,0.0,0.0,1.39,0.18,0.0,0.0,0.0,0.0,0.0,0.37,0.0,0.0,0.0,3.11,1.88,0.0,0.0,0.0,0.0,16.44,0.0,4.07,1.36,0.0,0.0,0.0,0.0,0.0,0.0,0.0,0.0,0.0,1.17,0.43,9.15,0.0,0.0,0.0,0.0,0.0,0.0,0.0,0.0
73,CR1-1105,0.0,2.14,0.0,5.39,0.0,0.0,0.84,0.0,0.5,0.0,0.0,0.0,0.55,0.0,0.0,0.0,1.53,0.0,0.0,0.0,0.0,0.0,0.0,0.0,0.0,0.0,0.0,0.0,0.0,0.0,0.0,0.0,0.0,0.0,0.0,0.0,0.0,0.0,0.86,0.0,0.0,0.0,0.0,0.0,0.0,0.0,0.0,0.0,0.0,0.0,0.0,0.0,0.0,0.0,0.0,0.0,0.0,0.0,0.11,0.0,0.0,0.0,0.0,1.28,0.0,0.0,0.0,0.0,0.0,0.0,0.25,0.0,0.0,2.21,0.0,0.0,0.53,0.0,0.0,0.92,0.0,4.41,0.0,0.63,0.0,0.06,0.0,0.0,0.0,0.0,2.82,0.0,0.0,0.0,0.0,0.0,0.0,0.13,0.11,0.0,4.02,0.0,0.0,0.0,0.0,0.0,0.0,0.0,0.0,0.75,0.0,0.0,0.0,0.0,0.0,0.32,5.97,0.0,0.0,0.0,0.0,18.16,0.0,6.3,0.58,0.0,0.0,0.0,0.0,0.0,0.0,2.15,0.0,0.0,0.08,0.0,8.54,0.0,0.0,0.0,0.0,0.0,0.0,0.0,0.0
74,CR3-1105,0.0,1.42,0.0,4.45,0.0,0.0,1.34,0.0,0.75,0.0,0.0,0.0,0.96,0.0,6.96,0.0,1.31,0.94,0.0,0.0,0.0,0.0,0.0,0.0,0.0,0.0,0.0,0.0,0.0,0.0,0.0,0.0,0.0,0.0,0.05,0.0,0.0,0.0,0.0,0.0,0.0,0.0,0.0,0.0,0.0,0.07,0.0,5.44,0.0,0.0,0.0,0.0,0.0,0.0,0.0,0.0,0.0,0.0,0.0,0.0,0.0,0.0,0.0,0.0,0.0,0.0,0.07,0.0,0.0,0.0,0.24,0.0,0.0,0.91,0.0,0.0,0.97,0.0,0.0,1.8,0.0,4.8,0.0,0.0,0.0,0.09,0.0,0.0,0.0,0.13,2.0,0.0,0.0,0.0,0.0,0.0,0.0,0.52,0.14,0.0,0.0,0.0,0.0,0.0,0.0,0.19,0.0,0.0,0.0,0.0,0.0,0.0,0.0,0.0,0.0,0.36,2.93,0.0,0.0,0.0,0.0,15.42,0.0,4.25,0.99,0.0,0.0,0.0,0.0,0.0,0.0,0.0,0.0,0.0,0.0,0.0,9.74,0.0,0.0,0.0,0.0,0.0,0.0,0.0,0.0
75,CR3-1214,0.0,0.48,0.0,1.67,0.0,0.0,1.07,0.0,0.0,0.0,0.0,0.0,1.09,0.0,7.35,0.0,0.0,0.0,0.0,0.0,0.0,0.0,0.0,0.0,0.0,0.0,0.0,0.0,0.0,0.0,0.0,0.0,0.0,0.0,0.0,0.0,0.0,0.0,0.0,0.0,0.0,0.0,0.0,0.0,0.0,0.0,0.0,0.0,0.0,0.0,0.0,0.0,0.0,0.0,0.0,0.14,0.0,0.0,0.0,0.0,0.0,0.0,0.0,3.33,0.0,0.0,0.0,0.0,0.0,0.0,0.81,0.0,0.0,0.0,0.0,0.18,1.36,0.0,0.0,3.51,0.66,3.28,0.0,0.81,0.7,0.0,0.0,0.0,0.0,0.0,0.0,0.0,0.0,0.0,0.0,0.0,0.0,0.0,0.27,0.0,0.0,0.0,0.0,0.0,0.0,0.42,0.0,0.0,0.0,0.0,0.0,0.0,0.0,0.0,0.0,0.79,0.0,0.0,0.0,0.0,0.0,15.74,0.0,1.29,2.44,0.0,0.0,0.44,0.0,0.0,0.0,0.0,0.0,0.0,0.0,0.0,18.3,0.0,0.0,0.0,0.0,0.0,0.0,0.0,0.0
76,CR4-1214,0.0,0.38,0.0,6.27,0.0,2.05,0.56,0.0,2.59,0.0,0.0,0.09,0.0,0.0,3.75,0.0,1.0,0.0,0.04,0.0,0.0,0.0,0.0,0.0,0.0,0.0,0.0,0.0,0.0,0.18,0.0,0.0,0.02,0.0,0.0,0.0,0.0,0.0,0.0,0.0,0.0,0.0,0.38,0.0,0.0,0.19,0.0,0.0,0.0,0.0,0.0,0.0,0.0,0.05,0.0,0.22,0.0,0.0,0.0,0.0,0.0,0.0,0.0,1.74,0.0,0.0,0.0,0.0,0.0,0.0,10.74,0.0,0.18,1.45,0.0,0.0,0.0,0.0,0.0,2.69,0.0,3.92,0.0,0.45,0.0,0.0,0.0,0.0,0.0,0.19,9.17,0.0,0.0,0.0,0.0,0.0,0.0,0.0,0.05,0.0,0.0,0.0,0.0,0.0,0.0,0.07,0.0,0.0,0.0,0.0,0.0,0.51,0.0,0.0,0.0,7.15,1.32,0.0,0.0,0.0,0.0,7.23,0.0,4.98,0.46,0.0,0.0,0.0,0.0,0.0,0.0,0.0,0.0,0.0,1.85,0.0,2.97,0.0,0.0,0.0,0.0,0.0,0.26,0.0,0.0
77,CR4-1105,0.0,2.78,0.0,6.78,0.0,0.0,1.28,0.0,0.55,0.0,0.0,0.0,0.38,0.0,3.44,0.0,1.6,0.0,0.0,0.0,0.0,0.0,0.0,0.0,0.0,0.0,0.0,0.0,0.0,0.0,0.0,0.0,0.0,0.0,0.0,0.0,0.0,0.0,0.0,0.0,0.0,0.0,0.0,0.0,0.0,0.0,0.0,4.79,0.0,0.0,0.0,0.0,0.0,0.0,0.0,0.0,0.0,0.0,0.21,0.0,0.0,0.0,0.0,0.91,0.0,0.0,0.07,0.0,0.0,0.0,0.0,0.0,0.0,0.67,0.0,0.0,0.76,0.0,0.0,1.18,0.0,1.92,0.0,0.97,0.0,0.1,0.0,0.0,0.0,0.0,0.74,0.0,0.0,0.0,0.0,0.0,0.0,0.38,0.15,0.0,0.0,0.0,0.0,0.0,0.0,0.2,0.0,0.0,0.0,0.0,0.0,0.0,0.0,0.0,0.0,0.0,3.27,0.0,0.0,0.0,0.0,22.43,0.0,4.24,0.99,0.0,0.0,0.0,0.0,0.0,0.0,2.61,0.0,0.0,0.0,0.0,10.32,0.0,0.0,0.0,0.0,0.0,0.0,0.0,0.0
78,CR2-1214,0.0,0.17,0.0,5.28,0.0,1.77,0.52,0.0,1.54,0.0,0.0,0.08,0.0,0.0,5.79,0.0,0.91,0.48,0.0,0.04,0.0,0.0,0.0,0.0,0.0,0.0,0.0,0.0,0.0,0.0,0.0,0.0,0.0,0.0,0.0,0.0,0.0,0.0,0.0,0.0,0.0,0.0,0.0,0.0,0.0,0.09,0.0,0.0,0.0,0.0,0.0,0.0,0.0,0.09,0.04,0.09,0.0,0.0,0.0,0.0,0.0,0.0,0.0,1.75,0.0,0.0,0.0,0.0,0.0,0.0,14.19,0.0,0.0,0.72,0.0,0.0,0.0,0.0,0.0,1.46,0.0,3.43,0.0,0.0,0.0,0.0,0.0,0.0,0.0,0.11,8.18,0.0,0.0,0.0,0.0,0.0,0.0,0.0,0.06,0.0,0.0,0.0,0.0,0.0,0.47,0.07,0.0,0.0,0.0,0.0,0.0,0.37,0.0,0.0,0.0,11.82,0.59,0.0,0.0,0.0,0.0,4.15,0.0,3.04,0.55,0.0,0.0,0.0,0.02,0.0,0.0,0.0,0.0,0.0,1.31,0.27,3.08,0.0,0.0,0.0,0.0,0.0,0.35,0.0,0.03
79,CR2-1105,0.0,1.53,0.0,5.17,0.0,0.0,1.04,0.0,0.55,0.0,0.0,0.0,0.81,0.0,5.76,0.0,1.42,0.0,0.0,0.0,0.0,0.0,0.0,0.0,0.0,0.0,0.0,0.0,0.0,0.0,0.0,0.0,0.0,0.0,0.04,0.0,0.0,0.0,0.0,0.0,0.0,0.0,0.0,0.0,0.0,0.0,0.0,3.95,0.05,0.0,0.0,0.0,0.0,0.0,0.04,0.0,0.0,0.0,0.14,0.0,0.0,0.0,0.0,1.72,0.0,0.0,0.0,0.0,0.0,0.0,0.58,0.0,0.0,1.65,0.0,0.0,0.75,0.0,0.0,1.08,0.0,5.34,0.0,0.92,0.0,0.06,0.0,0.0,0.0,0.0,4.05,0.0,0.0,0.0,0.0,0.0,0.0,0.4,0.09,0.0,0.0,0.0,0.0,0.0,0.89,0.0,0.0,0.0,0.0,0.65,0.0,0.09,0.0,0.0,0.0,0.76,3.57,0.0,0.0,0.0,0.0,15.53,0.0,4.92,0.6,0.0,0.0,0.0,0.0,0.0,0.0,1.65,0.0,0.0,0.16,0.0,6.72,0.0,0.0,0.0,0.0,0.0,0.0,0.0,0.0
80,CD4-1104,0.0,0.47,0.0,3.23,0.0,0.0,1.23,0.0,0.68,0.0,0.0,0.0,0.0,0.0,10.85,0.0,0.0,0.0,0.0,0.0,0.0,0.0,0.0,0.0,0.0,0.0,0.0,0.0,0.0,0.0,0.0,0.0,0.0,0.0,0.0,0.0,0.0,0.0,0.0,0.0,0.0,0.0,0.0,0.0,0.59,0.0,0.0,8.24,0.0,0.0,0.27,0.0,0.0,0.0,0.06,0.0,0.0,0.1,0.0,0.0,0.0,0.49,0.0,1.0,0.0,0.0,0.11,0.0,0.0,0.0,0.28,0.0,0.0,0.0,0.0,0.0,0.95,0.0,0.0,0.9,0.0,3.07,0.0,0.69,0.0,0.0,0.19,0.0,0.0,0.0,0.46,0.0,0.0,0.0,0.0,0.0,0.0,0.0,0.17,0.0,0.0,0.0,0.0,0.0,0.0,0.16,0.0,0.0,0.0,0.0,0.0,0.1,0.18,0.0,0.0,0.74,1.58,0.0,0.0,0.0,0.0,7.5,0.0,2.81,1.22,0.0,0.88,0.0,0.06,0.0,0.0,0.0,0.0,0.0,0.05,0.0,16.35,0.0,0.0,0.0,0.0,0.0,0.0,0.0,0.0
81,CD6-1104,0.0,0.38,0.0,4.97,0.0,0.0,1.05,0.0,0.38,0.0,0.0,0.0,0.86,0.0,15.42,0.0,0.0,0.58,0.0,0.0,0.07,0.0,0.0,0.0,0.0,0.0,0.0,0.0,0.0,0.0,0.0,0.0,0.0,0.0,0.0,0.0,0.0,0.0,1.97,0.0,0.0,0.0,0.0,0.0,1.13,0.0,0.0,5.5,0.0,0.07,0.19,0.0,0.0,0.0,0.13,0.0,0.0,0.06,0.07,0.0,0.0,0.43,0.0,0.68,0.0,0.0,0.0,0.0,0.0,0.0,0.32,0.0,0.0,0.52,0.0,0.0,0.92,0.07,0.0,0.24,0.0,3.46,0.29,0.0,0.0,0.0,0.0,0.0,0.0,0.0,0.97,0.0,0.0,0.0,0.0,0.0,0.0,0.0,0.12,0.0,0.0,0.0,0.0,0.0,0.0,0.0,0.0,0.0,0.0,0.0,0.0,0.14,0.0,0.0,0.0,0.7,2.09,0.0,0.0,0.0,0.0,0.0,0.0,3.07,1.12,0.0,0.46,0.0,0.0,0.0,0.0,0.0,0.0,0.0,0.14,0.0,10.57,0.0,0.0,0.0,0.0,0.0,0.0,0.0,0.0
82,CD6-1106,0.0,0.52,0.21,6.54,0.0,0.0,0.49,0.0,0.56,0.0,0.0,0.0,0.98,0.0,14.43,0.0,0.0,0.0,0.0,0.0,0.0,0.0,0.0,0.0,0.0,0.0,0.0,0.0,0.0,0.0,0.0,0.0,0.0,0.0,0.0,0.0,0.0,0.0,1.31,0.0,0.0,0.0,0.0,0.0,0.0,0.0,0.12,0.0,0.07,0.0,0.2,0.0,0.0,0.0,0.0,0.0,0.0,0.07,0.17,0.0,0.0,0.0,0.0,1.16,0.0,0.0,0.0,0.0,0.0,0.0,1.27,0.0,0.0,0.52,0.0,0.0,0.7,0.0,0.0,0.68,0.0,5.12,0.0,0.6,0.0,0.0,0.12,0.0,0.0,0.0,2.03,0.0,0.0,0.0,0.0,0.0,0.0,0.0,0.1,0.0,0.0,0.0,0.0,0.0,0.81,0.0,0.0,0.0,0.0,0.0,0.0,0.2,0.0,0.0,0.0,1.22,1.81,0.0,0.0,0.0,0.0,9.02,0.0,4.31,0.79,0.04,0.21,0.0,0.0,0.0,0.0,1.5,0.0,0.0,0.18,0.0,5.69,0.0,0.0,0.23,0.0,0.0,0.0,0.0,0.05
83,CD3-1106,0.0,0.38,0.31,5.97,0.0,1.86,0.46,0.0,0.68,0.0,0.0,0.0,0.67,0.1,11.19,0.0,0.94,0.0,0.0,0.07,0.0,0.0,0.0,0.0,0.0,0.0,0.0,0.0,0.0,0.0,0.0,0.0,0.0,0.0,0.0,0.12,0.0,0.0,0.0,0.0,0.0,0.0,0.08,0.0,0.0,0.0,0.1,0.0,0.0,0.0,0.0,0.0,0.0,0.0,0.0,0.0,0.0,0.2,0.0,0.0,0.0,0.0,0.0,1.01,0.0,0.0,0.0,0.0,0.0,0.0,6.67,0.0,0.0,0.47,0.0,0.0,0.44,0.0,0.15,1.23,0.0,3.94,0.0,0.4,0.0,0.0,0.26,0.06,0.0,0.0,2.22,0.0,0.0,0.0,0.0,0.0,0.77,0.2,0.06,0.0,0.0,0.0,0.0,0.0,0.0,0.0,0.0,0.0,0.0,0.37,0.0,0.73,0.0,0.0,0.0,5.92,1.27,0.0,0.0,0.0,0.0,9.1,0.0,3.88,0.47,0.0,0.04,0.0,0.0,0.0,0.0,0.88,0.0,0.0,0.66,0.0,4.94,0.0,0.0,0.0,0.0,0.0,0.27,0.0,0.04
84,CD3-1109,0.0,0.25,0.36,4.97,0.0,0.0,0.22,0.0,0.64,0.0,0.0,0.0,0.49,0.15,7.09,0.0,0.77,0.3,0.0,0.13,0.0,0.0,0.0,0.0,0.0,0.0,0.0,0.0,0.0,0.0,0.84,0.12,0.0,0.0,0.0,0.0,0.0,0.0,0.0,0.0,0.0,0.0,0.13,0.0,0.0,0.0,0.13,0.0,0.0,0.0,0.0,0.0,0.0,0.0,0.04,0.0,0.0,0.2,0.04,0.0,0.0,0.0,0.0,0.83,0.0,0.0,0.0,0.0,0.06,0.0,11.21,0.0,0.0,0.33,0.0,0.0,0.33,0.0,0.15,1.78,0.0,3.07,0.0,0.0,0.0,0.0,0.3,0.0,0.0,0.0,2.43,0.0,0.0,0.0,0.0,0.14,1.33,0.0,0.04,0.0,0.0,0.0,0.0,0.0,0.0,0.0,0.0,0.03,0.0,0.4,0.0,1.29,0.0,0.0,0.0,7.58,0.73,0.0,0.0,0.0,0.0,7.12,0.0,3.0,0.22,0.0,0.0,0.0,0.0,0.0,0.0,0.52,0.0,0.0,1.08,0.0,6.39,0.0,0.0,0.0,0.0,0.0,0.32,0.12,0.06
85,CD3-1104,0.0,0.3,0.32,4.14,0.0,0.0,1.12,0.0,0.75,0.0,0.0,0.0,0.69,0.0,0.0,0.0,0.8,0.0,0.0,0.0,0.0,0.0,0.0,0.0,0.0,0.0,0.0,0.0,0.0,0.0,0.0,0.0,0.0,0.0,0.0,0.06,0.0,0.0,0.0,0.0,0.0,0.0,0.0,0.0,1.24,0.2,0.0,0.0,0.0,0.05,0.0,0.0,0.0,0.0,0.07,0.0,0.0,0.22,0.1,0.0,0.0,0.0,0.0,0.79,0.0,0.0,0.07,0.0,0.0,0.0,4.03,0.0,0.0,0.49,0.0,0.0,0.56,0.0,0.1,0.92,0.0,3.47,0.0,0.34,0.0,0.0,0.25,0.0,0.0,0.0,1.65,0.0,0.0,0.0,0.0,0.0,0.0,0.0,0.16,0.0,12.47,0.0,0.0,0.0,0.0,0.0,0.0,0.05,0.0,0.0,0.0,0.69,0.27,0.0,0.0,4.95,1.43,0.0,0.0,0.0,0.0,5.9,0.0,3.28,0.93,0.0,0.0,0.0,0.0,0.0,0.0,0.95,0.0,0.0,0.62,0.0,12.34,0.0,0.0,0.0,0.0,0.0,0.18,0.0,0.0
86,CD7-1109,0.0,0.6,0.14,2.7,0.0,0.0,0.56,0.0,0.48,0.0,0.0,0.0,1.15,0.0,15.6,0.0,0.94,0.0,0.06,0.0,0.0,0.0,0.0,0.0,0.0,0.0,0.0,0.0,0.0,0.0,1.55,0.0,0.0,0.0,0.0,0.0,0.0,0.0,0.0,0.0,0.0,0.0,0.0,0.0,0.0,0.0,0.12,0.0,0.0,0.0,0.0,0.0,0.0,0.0,0.0,0.0,0.0,0.0,0.0,0.0,0.0,0.0,0.0,1.65,0.0,0.0,0.0,0.0,0.0,0.0,0.85,0.0,0.0,0.79,0.0,0.0,0.93,0.0,0.0,1.43,0.0,3.48,0.0,0.37,0.0,0.0,0.0,0.0,0.0,0.0,2.67,0.0,0.0,0.0,0.0,0.0,0.0,0.72,0.07,0.0,0.0,0.0,0.0,0.0,0.0,0.0,0.0,0.0,0.0,0.93,0.0,0.08,0.0,0.0,0.0,0.45,1.33,0.27,0.0,0.0,0.0,11.51,0.0,2.67,0.55,0.0,0.0,0.0,0.0,0.0,0.0,0.0,0.0,0.0,0.12,0.0,11.21,0.13,0.0,0.0,0.0,0.0,0.0,0.0,0.12
87,CD7-1106,0.0,0.61,0.23,3.29,0.0,0.0,0.59,0.0,0.49,0.0,0.0,0.0,1.18,0.0,20.56,0.0,0.94,0.0,0.0,0.0,0.0,0.0,0.0,0.0,0.0,0.0,0.0,0.0,0.0,0.0,0.0,0.0,0.0,0.0,0.0,0.0,0.0,0.0,0.0,0.0,0.0,0.0,0.0,0.0,0.0,0.0,0.15,0.0,0.0,0.0,0.0,0.0,0.0,0.0,0.0,0.0,0.0,0.0,0.0,0.0,0.0,0.0,0.0,1.5,0.0,0.0,0.0,0.0,0.0,0.0,0.23,0.0,0.0,0.61,0.0,0.0,0.0,0.0,0.08,1.16,0.0,3.54,0.0,0.38,0.0,0.0,0.0,0.0,0.0,0.0,1.64,0.0,0.0,0.0,0.0,0.0,0.0,0.3,0.09,0.0,0.0,0.0,0.0,0.0,0.0,0.0,0.0,0.0,0.0,0.48,0.0,0.0,0.0,0.0,0.0,0.17,1.54,0.0,0.0,0.0,0.0,12.4,0.0,3.21,0.79,0.05,0.12,0.0,0.0,0.0,0.0,0.9,0.0,0.0,0.0,0.96,9.18,0.0,0.0,0.27,0.0,0.0,0.0,0.0,0.05
88,CU2-1103,0.0,0.0,0.36,1.16,0.0,0.0,3.08,0.0,0.42,0.0,0.0,0.0,0.0,0.0,3.72,0.0,0.0,0.0,0.0,0.0,0.18,0.0,0.0,0.0,0.0,0.0,0.0,0.0,0.0,0.0,0.0,0.0,0.0,0.0,0.0,0.0,0.0,0.0,0.0,0.0,0.0,0.0,0.0,0.0,0.0,0.0,0.0,0.0,0.0,0.0,0.82,0.0,0.0,0.0,0.0,0.0,0.0,0.0,0.0,0.0,2.18,0.0,0.0,0.0,0.0,0.0,0.0,0.32,0.0,0.0,0.0,0.0,0.0,0.0,0.0,0.0,0.0,0.0,0.0,0.8,0.0,0.44,0.86,0.0,0.0,0.0,0.15,0.0,0.0,0.0,0.0,0.0,0.0,0.0,0.0,0.0,0.68,0.0,0.52,0.0,0.0,0.0,0.0,0.0,0.0,0.0,0.0,0.0,0.73,0.0,0.0,0.0,0.0,0.0,0.0,0.0,0.0,0.0,0.0,0.0,0.0,3.28,0.0,0.68,1.95,0.0,0.0,0.0,0.21,0.17,0.22,0.0,0.0,0.0,0.0,0.0,17.7,0.0,0.0,0.0,0.0,0.0,0.0,0.0,0.0
89,MU3-1221,0.0,0.0,0.38,0.34,0.0,1.42,1.11,0.0,0.98,0.0,0.0,0.0,0.0,0.25,0.0,0.0,0.0,0.0,0.0,0.0,0.0,0.0,0.05,0.0,0.0,0.0,0.0,0.0,0.0,0.0,0.0,0.25,0.0,0.0,0.0,2.81,0.0,0.0,0.0,0.0,0.0,0.0,0.0,0.0,0.0,0.0,0.0,0.0,0.0,0.0,0.0,0.0,0.0,0.0,0.0,0.0,0.0,0.0,0.0,0.0,0.0,0.0,0.0,0.0,0.0,0.0,0.43,0.0,0.0,0.0,1.45,0.0,0.0,0.0,0.0,0.0,0.0,0.0,0.0,2.93,0.0,0.0,0.39,0.0,0.0,1.52,0.0,0.0,0.0,0.0,0.0,0.59,0.0,0.25,0.0,0.0,46.83,0.21,0.21,0.0,0.0,0.0,0.0,0.0,0.0,0.47,0.0,0.0,0.0,0.0,0.0,6.26,0.0,0.0,0.0,0.3,0.0,0.0,0.0,0.0,0.0,0.34,0.0,0.0,3.39,0.0,0.0,0.0,0.0,0.0,0.0,0.0,0.0,0.0,0.19,0.0,9.87,0.0,0.0,0.0,0.0,0.0,0.0,0.0,0.0
90,MU2-1221,0.0,0.0,2.49,0.0,0.0,0.77,0.44,0.0,0.0,0.0,0.0,0.0,0.0,0.61,0.0,0.0,0.0,0.0,0.0,0.0,0.0,0.0,0.0,0.0,0.0,0.0,0.0,0.0,0.0,0.0,0.0,0.76,0.0,0.0,0.0,2.88,0.0,0.0,0.0,0.0,0.0,0.0,0.0,0.0,0.0,0.0,0.0,0.0,0.0,0.0,0.0,0.0,0.0,0.0,0.0,0.0,0.0,0.0,12.06,0.0,0.0,0.0,0.0,0.0,0.0,0.0,0.0,0.0,0.0,0.0,0.17,0.0,0.0,0.0,0.0,0.0,0.0,0.0,0.0,4.2,0.0,0.0,0.0,0.0,0.0,0.23,0.0,0.0,0.0,0.0,0.0,0.54,0.0,0.0,0.0,0.0,30.68,0.0,0.53,0.0,0.0,0.0,0.0,0.0,0.85,0.33,0.0,0.03,0.0,0.0,0.0,22.93,0.0,0.0,0.0,0.0,0.0,0.0,0.0,0.0,0.0,0.69,0.0,0.15,1.26,0.0,0.0,0.0,0.0,0.0,0.0,0.0,0.0,0.0,0.0,0.0,6.38,0.0,0.0,0.0,0.0,0.0,0.0,0.0,0.05
91,MU4-1212,0.0,0.0,0.42,2.95,0.0,0.0,0.41,0.0,0.0,0.0,0.0,0.0,0.0,0.48,0.0,0.0,0.0,0.0,0.0,3.85,0.0,0.0,0.0,0.0,0.0,0.69,0.0,0.0,0.0,0.0,0.0,0.43,0.0,0.0,0.0,0.0,0.0,0.0,0.0,0.0,0.0,0.0,0.22,0.0,0.0,0.51,0.0,0.0,0.0,0.0,0.0,0.0,0.0,0.0,0.0,0.0,0.0,0.0,0.0,0.0,0.0,0.0,0.0,0.2,0.0,0.0,0.0,0.0,0.0,0.0,24.38,0.0,0.0,0.0,0.0,0.0,0.0,0.0,0.0,0.82,0.0,0.27,0.0,0.0,0.0,0.0,0.26,0.0,0.0,0.0,0.79,0.0,0.0,0.0,0.0,0.0,0.0,0.0,0.12,0.0,0.23,0.0,0.0,0.0,0.0,0.07,0.0,0.0,0.0,0.0,0.0,13.74,0.0,0.0,0.0,9.94,0.0,0.0,0.0,0.0,0.0,3.66,1.79,1.38,0.0,0.0,0.0,0.0,0.0,0.0,0.0,0.0,0.0,0.0,6.89,0.0,3.05,0.0,0.0,0.0,0.0,0.0,0.43,0.0,0.03
92,MU4-1218,0.0,0.0,0.58,2.92,0.0,0.0,1.56,0.0,0.0,0.0,0.0,0.0,0.0,0.31,0.0,0.0,0.0,0.0,0.0,2.79,0.0,0.0,0.0,0.0,0.0,1.46,0.0,0.0,0.0,0.0,0.0,0.33,0.0,0.0,0.0,0.0,0.0,0.0,0.0,0.0,0.0,0.0,0.23,0.0,0.0,0.0,0.0,0.0,0.0,0.0,0.0,0.0,0.0,0.0,0.0,0.0,0.0,0.0,6.05,0.0,0.0,0.0,0.0,0.0,0.0,0.0,0.16,0.0,0.0,0.0,17.43,0.0,0.0,0.0,0.0,0.0,0.0,0.0,0.0,0.85,0.0,0.13,0.0,0.0,0.0,0.11,0.22,0.0,0.0,0.0,0.4,0.0,0.0,0.0,0.0,0.0,0.0,0.0,0.2,0.0,0.0,0.0,0.0,0.0,0.0,0.13,0.0,0.0,0.0,0.0,0.0,0.0,0.0,0.0,0.0,7.51,0.0,0.0,0.0,0.0,0.0,2.09,1.65,0.74,0.0,0.0,0.0,0.0,0.0,0.0,0.0,0.0,0.0,0.0,4.26,0.0,7.54,0.0,0.0,0.0,0.0,0.0,0.0,0.0,0.03
93,MR5-1221,0.0,0.0,0.2,3.38,0.0,0.0,0.64,0.0,1.11,0.0,0.0,0.0,0.0,0.0,0.78,0.0,0.0,0.0,0.0,0.21,0.0,0.0,0.0,0.0,0.0,0.0,0.0,0.0,0.0,0.0,0.0,0.0,0.0,0.0,0.0,0.57,0.0,0.0,0.0,0.0,0.0,0.0,0.15,0.0,0.0,0.0,0.0,0.0,0.0,0.0,0.0,0.0,0.0,0.0,0.0,0.0,0.0,0.28,0.0,0.0,0.0,0.0,0.0,0.45,0.0,0.08,0.0,0.0,0.0,0.0,26.42,0.0,0.0,0.0,0.0,0.0,0.0,0.0,0.0,2.25,0.0,0.87,0.0,0.11,0.0,4.85,0.38,0.0,0.0,0.0,3.23,0.0,0.0,0.23,0.0,0.0,0.0,0.0,0.13,0.0,0.0,0.0,0.0,0.0,0.0,0.34,0.0,0.0,0.0,0.0,0.0,2.06,0.0,0.0,0.0,8.07,0.0,0.0,0.0,0.0,0.0,2.98,0.0,1.55,1.81,0.0,0.0,0.0,0.0,0.0,0.0,0.0,0.0,0.0,1.79,0.0,7.77,0.0,0.0,0.0,0.0,0.0,0.26,0.0,0.0
94,CD1-1109,0.0,0.0,0.21,0.0,0.0,6.23,0.0,0.0,2.1,0.0,0.0,0.0,0.0,0.0,0.0,0.0,0.0,0.0,0.0,0.0,0.0,0.0,0.0,0.0,0.0,0.0,0.0,0.0,0.0,0.0,0.0,0.0,0.0,0.0,0.0,0.0,0.0,0.0,0.0,0.0,0.0,0.0,0.0,0.0,0.0,0.0,0.0,0.0,0.0,0.0,0.0,0.0,0.0,0.0,0.0,0.0,0.0,0.0,0.17,0.0,0.0,0.0,0.0,0.0,0.0,0.0,0.0,0.0,0.0,0.0,0.39,0.0,0.0,0.0,0.0,0.0,0.0,0.0,0.0,12.55,0.0,0.0,0.0,0.0,0.0,0.0,0.0,0.0,0.0,0.0,0.0,1.09,0.0,0.0,0.0,0.62,22.64,1.45,0.09,0.0,0.0,0.0,0.0,0.0,0.0,0.56,0.0,0.0,0.0,0.0,0.0,2.78,0.0,0.0,0.0,0.0,0.0,0.0,0.0,0.0,0.0,0.0,0.0,0.12,0.6,0.0,0.0,0.0,0.0,0.0,0.0,0.0,0.0,0.0,0.0,0.0,16.66,0.0,0.0,0.0,0.0,0.0,0.0,0.0,0.18
95,CD1-1106,0.0,0.0,0.15,6.37,0.0,0.0,0.32,0.0,0.92,0.0,0.0,0.0,0.0,0.15,0.0,0.0,0.73,0.0,0.0,0.2,0.0,0.0,0.0,0.0,0.0,0.17,0.0,0.0,0.0,0.0,0.0,0.44,0.0,0.0,0.0,0.89,0.0,0.0,0.0,0.0,0.0,0.0,0.19,0.0,0.0,0.0,0.0,0.0,0.0,0.0,0.0,0.0,0.0,0.0,0.0,0.0,0.0,0.0,0.0,0.0,0.0,0.0,0.0,0.3,0.0,0.0,0.0,0.0,0.0,0.0,12.51,0.0,0.0,0.0,0.0,0.0,0.0,0.0,0.0,2.62,0.0,0.48,0.0,0.0,0.0,0.0,0.47,0.0,0.0,0.0,0.35,0.41,0.0,0.0,0.0,0.0,9.22,0.39,0.07,0.0,0.0,0.0,0.0,0.0,0.0,0.72,0.0,0.0,0.0,0.0,0.0,5.78,0.0,0.0,0.0,2.94,0.0,0.0,0.0,0.0,0.0,3.89,0.0,1.24,0.0,0.0,0.06,0.0,0.0,0.14,0.0,0.17,0.0,0.0,1.64,0.0,7.37,0.0,0.0,0.15,0.0,0.0,0.52,0.0,0.0
96,CD2-1104,0.0,0.0,0.15,4.95,0.0,0.0,1.04,0.0,0.5,0.0,0.0,0.0,0.0,0.1,0.0,0.0,0.57,0.0,0.0,0.12,0.0,0.0,0.0,0.0,0.0,0.0,0.0,0.0,0.0,0.0,0.0,0.0,0.0,0.0,0.0,0.0,0.0,0.0,0.0,0.0,0.0,0.0,0.11,0.0,0.15,0.14,0.0,0.0,0.0,0.0,0.13,0.0,0.0,0.0,0.05,0.0,0.0,0.0,0.0,0.0,0.0,0.9,0.05,0.0,0.0,0.16,0.0,0.0,0.0,0.0,9.95,0.0,0.0,0.0,0.0,0.0,0.0,0.0,0.0,0.56,0.0,0.61,0.0,0.0,14.96,0.0,0.29,0.0,0.0,0.0,0.3,0.0,0.0,0.0,0.0,0.0,0.0,0.24,0.14,0.0,0.0,0.0,0.0,0.0,0.0,2.52,0.0,0.15,0.0,0.0,0.0,5.45,0.1,0.0,0.0,4.56,0.0,0.0,0.0,0.0,0.0,2.72,0.0,1.67,1.2,0.0,0.0,0.0,0.07,0.0,0.0,0.0,0.0,0.0,1.48,0.0,13.66,0.0,0.0,0.0,0.0,0.0,0.34,0.0,0.0
97,CD2-1109,0.0,0.0,1.46,0.9,0.0,4.57,0.83,0.0,1.5,0.0,0.0,0.0,0.0,0.0,0.0,0.0,0.0,0.0,0.0,0.07,0.0,0.0,0.0,0.0,0.0,0.0,0.0,0.0,0.0,0.0,0.0,0.0,0.0,0.0,0.0,1.77,0.0,0.0,0.0,0.0,0.0,0.0,0.0,0.0,0.0,0.0,0.0,0.0,0.0,0.0,0.7,0.0,0.0,0.0,0.0,0.0,0.0,0.0,0.31,0.0,0.0,0.0,0.0,0.0,0.0,0.0,0.0,0.11,0.0,0.0,2.3,0.0,0.0,0.0,0.0,0.0,0.0,0.0,0.11,4.24,0.0,0.0,0.4,0.0,0.0,0.0,0.0,0.0,0.0,0.0,0.0,0.71,0.0,0.0,0.0,0.0,11.47,0.95,0.21,0.0,0.0,0.0,0.0,0.0,0.0,1.49,0.0,0.09,0.0,0.0,0.0,2.74,0.0,0.73,0.0,0.64,0.0,0.0,0.0,0.0,0.0,0.0,0.0,0.26,3.68,0.0,0.6,0.0,0.0,0.26,0.0,0.0,0.07,0.0,0.39,0.0,20.04,0.0,0.0,0.0,0.0,0.0,0.0,0.0,0.15
98,CD2-1106,0.0,0.0,0.19,4.47,0.0,0.0,0.65,0.0,0.79,0.0,0.19,0.0,0.0,0.17,1.39,0.0,0.0,0.0,0.0,0.19,0.0,0.0,0.0,0.0,0.0,0.14,0.0,0.0,0.0,0.0,0.0,0.0,0.0,0.0,0.0,0.38,0.0,0.0,0.0,0.0,0.0,0.0,0.21,0.0,0.0,0.0,0.18,0.0,0.0,0.0,0.21,0.0,0.0,0.0,0.0,0.0,0.0,0.0,0.0,0.0,0.0,0.0,0.0,0.0,0.0,0.15,0.0,0.0,0.0,0.0,15.73,0.0,0.0,0.0,0.0,0.0,0.0,0.0,0.0,1.47,0.0,0.52,0.0,0.0,0.0,0.0,0.32,0.0,0.0,0.0,0.33,0.0,0.0,0.0,0.0,0.0,0.0,0.18,0.16,0.0,0.0,0.0,0.0,0.0,0.0,2.25,0.0,0.0,0.0,0.0,0.0,5.78,0.0,0.0,0.0,5.1,0.0,0.0,0.0,0.0,0.0,3.35,0.0,1.33,1.82,0.0,0.0,0.0,0.0,0.07,0.0,0.0,0.0,0.0,1.52,0.0,8.77,0.0,0.0,0.0,0.0,0.0,0.42,0.0,0.0
99,CD6-1212,0.0,0.0,4.26,2.13,0.0,0.0,1.62,0.0,1.28,0.0,0.0,0.0,0.0,0.0,0.0,0.0,0.0,0.0,0.0,0.12,0.0,0.0,0.0,0.0,0.0,0.0,0.0,0.2,0.0,0.0,0.0,0.0,0.0,0.0,0.0,2.39,0.0,0.0,0.0,0.0,0.0,0.0,0.0,0.0,0.0,0.3,0.0,0.0,0.0,0.0,0.0,0.0,0.0,0.0,0.0,0.0,0.0,0.0,0.0,0.0,0.0,0.0,0.0,0.0,0.0,0.0,1.11,0.0,0.0,0.0,3.26,0.0,0.0,0.0,0.0,0.0,0.0,0.0,1.96,3.89,0.0,0.0,0.0,0.0,0.0,0.0,0.43,0.0,0.0,0.0,0.0,0.0,0.0,0.0,0.0,0.0,0.0,0.49,0.62,0.0,0.0,0.0,0.0,0.0,0.0,0.5,0.0,0.0,0.0,0.0,0.0,2.53,0.0,0.0,0.0,2.44,0.0,0.0,0.0,0.0,0.0,1.46,0.0,0.0,0.0,0.0,0.0,0.0,0.0,0.0,0.0,0.0,0.0,0.0,0.31,0.0,17.67,0.0,0.0,0.0,0.0,0.0,0.0,0.0,0.12
100,CD6-1221,0.0,0.0,3.48,0.48,0.0,0.0,3.05,0.0,0.31,0.0,0.0,0.0,0.0,0.0,0.0,0.0,0.0,0.0,0.0,0.0,0.0,0.0,0.0,0.0,0.0,0.0,0.0,6.02,0.0,0.0,0.0,0.0,0.0,0.0,0.0,3.22,0.0,0.0,0.0,0.0,0.0,0.0,0.0,0.0,0.0,0.0,0.0,0.0,0.0,0.0,0.0,0.0,0.0,0.0,0.0,0.0,0.0,0.0,0.0,0.0,0.0,0.0,0.0,0.0,0.0,0.0,1.08,0.0,0.0,0.0,0.47,0.0,0.0,0.0,0.0,0.0,0.0,0.0,1.0,5.09,0.0,0.0,0.0,0.0,0.0,5.07,0.0,0.0,0.0,0.0,0.0,0.0,0.0,0.0,0.0,0.0,12.03,0.0,0.78,0.0,0.0,0.0,0.0,0.0,0.0,0.96,0.0,0.0,0.0,0.0,0.0,0.45,0.0,0.0,0.0,0.0,0.0,0.0,0.0,0.0,0.0,0.0,0.0,0.0,5.0,0.0,0.0,0.0,0.0,0.0,0.0,0.0,0.0,0.0,0.0,0.0,21.97,0.0,0.0,0.0,0.0,0.0,0.0,0.0,0.11
101,CD7-1218,0.0,0.0,1.73,0.51,0.0,0.0,2.46,0.0,0.8,0.0,0.0,0.0,0.0,0.0,0.0,0.0,0.0,0.0,0.0,0.21,0.0,0.0,0.0,0.0,0.0,0.0,0.0,0.52,0.0,0.0,0.0,0.0,0.0,0.0,0.0,1.84,0.33,0.0,0.0,0.0,0.0,0.0,0.0,0.0,0.0,0.0,0.0,0.0,0.0,0.0,0.0,0.0,0.0,0.0,0.0,0.0,0.0,0.0,0.0,0.0,0.0,0.0,0.0,0.0,0.0,0.0,0.0,0.0,0.0,0.0,0.96,0.0,0.0,0.0,0.0,0.0,0.0,0.0,0.77,3.93,0.0,0.0,0.0,0.0,0.0,4.25,0.0,0.0,0.0,0.0,0.0,0.0,0.0,0.0,0.0,0.0,23.17,0.14,0.46,0.0,0.0,0.0,0.0,0.0,2.52,4.59,0.0,0.0,0.0,0.0,0.0,1.2,0.0,0.0,0.0,0.63,0.0,0.0,0.0,0.0,0.0,0.54,0.0,0.0,0.0,0.0,0.0,0.96,0.0,0.0,0.0,0.0,0.0,0.0,0.0,0.0,17.24,0.0,0.0,0.0,0.0,0.0,0.0,0.0,0.11
102,CD7-1212,0.0,0.0,0.91,3.41,0.0,0.0,0.91,0.0,0.36,0.0,0.0,0.0,0.0,0.0,0.0,0.0,0.0,0.0,0.0,0.0,0.0,0.0,0.0,0.0,0.0,0.0,0.0,0.41,0.0,0.0,0.0,0.31,0.0,0.0,0.0,0.43,0.0,0.0,0.0,0.0,0.0,0.0,0.0,0.0,0.0,1.35,0.0,0.0,0.0,0.0,0.0,0.0,0.0,0.0,0.0,0.0,0.0,0.27,0.0,0.0,0.0,0.0,0.0,0.0,0.0,0.0,0.0,0.0,0.0,0.0,6.06,0.0,0.0,0.0,0.0,0.0,0.0,0.0,0.0,1.64,0.49,0.28,0.0,0.0,0.0,0.0,0.78,0.0,0.0,0.0,0.28,0.0,0.0,0.0,0.0,0.0,0.0,0.45,0.31,0.0,0.0,0.0,0.0,0.0,0.0,7.16,0.0,0.0,0.0,0.0,0.0,1.65,0.0,0.0,0.0,1.93,0.0,0.0,0.0,0.0,0.0,4.39,0.0,1.17,2.85,0.0,0.0,0.0,0.0,0.0,0.0,0.0,0.0,0.18,0.0,0.0,16.02,0.0,0.0,0.0,0.0,0.0,0.0,0.0,0.0
103,MR2-1214,0.0,0.0,0.0,0.7,0.0,2.31,0.39,0.0,3.54,0.0,0.0,0.0,0.0,0.0,0.25,0.0,0.0,0.0,0.0,0.27,0.0,0.0,0.0,0.0,0.0,0.19,0.0,0.0,0.0,0.0,0.0,0.17,0.0,0.0,0.0,1.92,0.0,0.0,0.0,0.0,0.0,0.0,0.18,0.0,0.0,0.43,0.0,0.0,0.0,0.0,0.0,0.0,0.0,0.0,0.0,0.0,0.0,0.0,0.0,0.0,0.0,0.0,0.0,0.0,0.0,0.0,0.0,0.0,0.0,0.0,17.72,0.0,0.0,0.0,0.0,0.0,0.0,0.0,0.0,5.12,0.19,0.15,0.0,0.0,0.0,0.0,0.35,0.0,0.0,0.0,0.28,0.59,0.11,0.72,0.0,0.0,19.1,0.0,0.1,0.11,0.0,0.0,0.0,0.0,0.0,0.73,0.0,0.0,0.0,0.0,0.0,6.66,0.0,0.0,0.0,3.81,0.0,0.0,0.0,0.0,0.0,1.31,0.0,0.76,0.0,0.0,0.0,0.0,0.0,0.0,0.0,0.31,0.0,0.0,2.56,0.0,6.0,0.0,0.0,0.0,0.0,0.0,0.0,0.0,0.0
104,MR5-1214,0.0,0.0,0.0,4.08,1.59,0.0,0.32,0.0,1.7,0.0,0.0,0.05,0.11,0.0,0.0,0.0,0.65,0.0,0.0,0.16,0.0,0.0,0.0,0.0,0.0,0.14,0.0,0.0,0.0,0.0,0.0,0.0,0.0,0.0,0.0,0.25,0.0,0.0,0.0,0.0,0.0,0.0,0.26,0.0,0.0,0.7,0.0,0.0,0.0,0.0,0.0,0.0,0.0,0.0,0.0,0.0,0.0,0.49,0.0,0.0,0.0,0.0,0.0,0.58,0.0,0.0,0.0,0.0,0.0,0.0,22.38,0.0,0.0,0.0,0.0,0.0,0.0,0.0,0.0,0.0,0.0,1.47,0.0,0.15,0.0,0.0,0.51,0.0,0.0,0.0,4.21,0.0,0.12,0.17,0.0,0.0,0.0,0.0,0.07,0.0,0.0,0.0,0.0,0.0,0.0,0.07,0.0,0.0,0.0,0.0,0.0,3.25,0.0,0.0,0.0,13.63,0.33,0.0,0.0,0.0,0.0,3.64,0.0,3.37,0.78,0.0,0.0,0.0,0.0,0.0,0.0,0.0,0.0,0.0,3.78,0.0,3.56,0.0,0.0,0.0,0.0,0.0,0.4,0.0,0.0
105,CD1-1104,0.0,0.0,0.0,5.71,0.0,0.0,1.02,0.0,0.5,0.0,0.0,0.0,0.0,0.11,5.22,0.0,0.73,0.12,0.0,0.13,0.0,0.0,0.0,0.0,0.0,0.07,0.0,0.06,0.0,0.0,0.0,0.0,0.0,0.0,0.0,0.17,0.0,0.0,0.0,0.0,0.0,0.0,0.21,0.0,0.26,0.36,0.0,0.0,0.0,0.0,0.0,0.0,0.0,0.0,0.04,0.0,0.0,0.19,0.11,0.0,0.0,0.0,0.0,0.44,0.0,0.0,0.0,0.0,0.0,0.0,11.96,0.0,0.0,0.0,0.0,0.0,0.0,0.0,0.0,0.77,0.0,0.95,0.0,0.0,17.6,0.0,1.05,0.0,0.0,0.0,0.65,0.26,0.0,0.0,0.0,0.0,2.4,0.18,0.14,0.0,0.0,0.0,0.0,0.0,0.0,0.41,0.0,0.0,0.0,0.0,0.0,4.83,0.18,0.0,0.0,5.9,0.0,0.0,0.0,0.0,0.0,3.58,0.0,1.74,1.03,0.0,0.0,0.0,0.0,0.0,0.0,0.0,0.0,0.0,1.91,0.24,9.65,0.0,0.0,0.0,0.0,0.0,0.51,0.0,0.0
106,CD7-1104,0.0,0.0,0.0,3.0,0.0,0.0,0.0,0.0,0.41,0.0,0.0,0.0,0.9,0.0,18.42,2.01,0.8,0.0,0.0,0.0,0.0,0.0,0.0,0.0,0.0,0.0,0.0,0.0,0.0,0.0,0.0,0.0,0.0,0.0,0.0,0.0,0.0,0.0,0.0,0.0,0.0,0.0,0.0,0.0,0.64,0.0,0.0,7.62,0.0,0.0,0.0,0.0,0.0,0.0,0.0,0.0,0.0,0.0,0.0,1.42,0.0,0.0,0.07,0.88,0.0,0.0,0.0,0.0,0.0,0.0,0.0,0.0,0.0,0.4,0.0,0.0,0.0,0.0,0.0,0.75,0.0,2.33,0.0,0.0,0.0,0.0,0.0,0.0,0.0,0.0,0.76,0.0,0.0,0.0,0.0,0.0,0.0,0.34,0.16,0.0,0.0,1.62,0.0,0.0,0.0,0.2,0.0,0.0,0.0,0.0,0.0,0.0,0.0,0.0,0.0,0.16,1.41,0.0,0.0,0.0,0.0,0.0,0.0,2.67,1.03,0.0,0.0,0.0,0.0,0.0,0.0,1.07,0.0,0.0,0.0,0.92,17.33,0.0,0.0,0.0,0.0,0.0,0.0,0.0,0.0
107,MU3-1211,0.0,0.0,0.0,0.0,0.0,3.52,0.35,0.0,0.0,0.0,0.0,0.0,0.0,0.26,0.0,0.0,0.0,0.0,0.0,0.0,0.0,0.0,0.0,0.0,0.0,0.0,0.0,0.0,0.0,0.0,0.0,0.67,0.0,0.0,0.0,0.0,0.0,0.0,0.0,0.16,0.0,0.0,0.0,0.0,0.0,0.0,0.0,0.0,0.0,0.0,0.0,0.0,0.0,0.0,0.0,0.0,0.0,0.0,0.0,0.0,0.0,0.0,0.0,0.0,0.0,0.0,0.0,0.0,0.0,0.0,0.0,0.0,0.0,0.0,0.0,0.0,0.0,0.0,0.0,0.0,0.0,0.18,0.0,0.0,0.0,0.0,0.0,0.0,0.0,0.0,0.0,0.0,0.0,0.0,0.0,0.0,0.0,0.0,0.0,0.0,0.0,0.0,0.0,0.0,0.0,0.0,0.0,0.0,0.0,0.0,0.0,9.34,0.0,0.0,0.0,0.0,0.0,0.0,1.1,0.13,0.0,4.47,0.0,0.0,0.0,0.0,0.0,0.0,0.0,0.0,0.0,0.0,0.0,0.0,0.0,0.0,0.0,0.0,0.0,0.0,0.0,0.0,0.0,0.0,0.0
108,MU2-1211,0.0,0.0,0.0,0.0,0.0,2.89,0.41,0.0,0.0,0.0,0.0,0.0,0.0,0.25,0.0,0.0,0.0,0.0,0.0,0.0,0.0,0.0,0.0,0.0,0.0,0.0,0.0,0.0,0.0,0.0,0.0,0.0,0.0,0.0,0.0,0.0,0.0,0.0,0.0,0.06,0.0,0.0,0.0,0.0,0.0,0.0,0.0,0.0,0.0,0.0,0.0,0.0,0.0,0.0,0.0,0.0,0.0,0.0,0.0,0.0,0.0,0.0,0.0,0.0,0.0,0.0,0.0,0.0,0.0,0.0,0.0,0.0,0.0,0.0,0.0,0.0,0.0,0.0,0.0,0.0,0.0,0.0,0.0,0.0,0.0,0.0,0.0,0.0,0.0,0.0,0.0,0.0,0.0,0.0,0.0,0.0,0.0,0.0,0.0,0.0,0.0,0.0,0.0,0.0,0.0,0.0,0.0,0.0,0.0,0.0,0.0,9.59,0.0,0.0,0.0,0.0,0.0,0.0,5.81,0.16,0.0,0.9,0.0,0.0,0.0,0.0,0.0,0.0,0.0,0.0,0.0,0.0,0.0,0.0,0.0,0.0,0.0,0.0,0.0,0.0,0.0,0.0,0.0,0.0,0.0
109,MR2-1211,0.0,0.0,0.0,0.0,0.0,2.02,0.23,0.0,0.0,0.0,0.0,0.0,0.0,0.0,0.0,0.0,0.0,0.0,0.0,0.0,0.0,0.0,0.0,0.0,0.0,0.0,0.0,0.0,0.0,0.0,0.0,0.21,0.0,0.0,0.0,0.0,0.0,0.0,0.0,0.08,0.0,0.0,0.0,0.0,0.0,0.0,0.0,0.0,0.0,0.0,0.0,0.0,0.0,0.0,0.0,0.0,0.0,0.0,0.0,0.0,0.0,0.0,0.0,0.0,0.0,0.0,0.0,0.0,0.0,0.0,0.0,0.0,0.0,0.0,0.0,0.0,0.0,0.0,0.0,0.0,0.0,0.0,0.0,0.0,0.0,0.0,0.0,0.0,0.0,0.0,0.0,0.0,0.13,0.0,0.0,0.24,15.24,0.0,0.0,0.0,0.0,0.0,0.0,0.0,0.0,0.0,0.0,0.0,0.0,0.0,0.0,8.08,0.0,0.0,0.0,0.0,0.0,0.0,3.9,0.08,0.0,2.39,0.0,0.0,0.0,0.0,0.0,0.0,0.0,0.0,0.0,0.0,0.0,0.0,0.0,0.0,0.0,0.0,0.0,0.0,0.0,0.0,0.0,0.0,0.0
110,CU2-1217,0.0,0.0,0.0,0.0,0.0,0.0,1.51,0.0,0.0,0.0,0.0,0.0,0.0,0.0,0.0,0.0,0.0,0.0,0.0,0.0,0.0,0.0,0.0,0.0,0.0,0.0,12.58,0.0,0.0,0.0,0.0,0.0,0.0,0.0,0.0,0.0,0.0,0.0,0.29,0.0,0.0,0.0,0.0,0.0,0.0,0.0,0.0,0.0,0.0,0.0,0.0,0.0,0.0,0.0,0.0,0.0,0.0,0.0,0.0,0.0,0.0,0.0,0.0,0.0,0.0,0.0,1.14,0.0,0.0,0.0,0.0,0.0,0.0,0.0,0.0,0.0,0.0,0.0,0.0,0.0,0.0,0.0,0.53,0.0,0.0,0.0,0.0,0.0,0.0,0.0,0.0,0.0,0.0,0.0,0.0,0.0,0.0,0.32,0.59,0.0,0.0,0.0,0.0,0.0,0.0,0.0,0.0,0.0,0.0,0.0,0.0,0.0,0.0,0.0,0.0,0.0,0.0,0.0,0.0,0.0,0.0,0.0,0.0,0.0,6.3,0.0,0.0,0.0,0.0,0.7,0.0,0.0,0.0,0.0,0.0,0.0,32.95,0.0,0.0,0.0,0.0,0.0,0.0,0.0,0.0
111,CU1-1217,0.0,0.0,0.0,0.0,0.0,0.0,2.14,0.0,0.21,0.0,0.0,0.0,0.0,0.0,0.0,0.0,0.0,0.0,0.0,0.0,0.56,0.0,0.0,0.0,0.0,0.0,0.0,0.0,0.0,0.0,0.0,0.0,0.0,0.0,0.0,0.0,0.0,0.0,0.93,0.0,0.0,0.0,0.0,0.0,0.0,0.0,0.0,0.0,0.0,0.0,0.0,0.0,0.0,0.0,0.0,0.0,0.0,0.0,0.0,0.0,0.0,0.0,0.0,0.0,0.0,0.0,1.18,0.0,0.0,0.0,0.0,0.0,0.0,0.0,0.0,0.0,0.0,0.0,0.0,0.45,0.0,0.0,0.75,0.0,0.0,0.0,0.0,0.0,0.0,0.0,0.0,0.0,0.0,0.0,0.0,0.0,0.0,0.0,0.73,0.0,0.45,0.0,0.0,0.0,4.84,0.92,0.0,0.0,0.0,0.0,0.0,0.0,0.0,0.0,0.0,0.0,0.0,0.0,0.0,0.0,0.0,3.75,0.0,0.0,5.97,0.0,0.0,0.0,0.0,1.09,0.0,0.0,0.0,0.0,0.0,0.0,39.54,0.0,0.0,0.0,0.0,0.0,0.0,0.0,0.0
112,MR5-1211,0.0,0.0,0.0,0.0,0.0,0.0,0.22,0.0,0.0,0.0,0.0,0.0,0.0,0.0,0.0,0.0,0.0,0.0,0.0,0.0,0.0,0.0,0.0,0.0,0.0,0.0,0.0,0.0,0.0,0.0,0.0,0.12,0.0,0.0,0.0,0.0,0.0,0.0,0.0,0.0,0.0,0.0,0.0,0.0,0.0,0.0,0.06,0.0,0.0,0.0,0.0,0.0,0.0,0.0,0.0,0.0,0.0,0.0,0.0,0.0,0.0,0.0,0.0,0.0,0.0,0.0,0.0,0.0,0.0,0.0,0.0,0.0,0.0,0.0,0.0,0.0,0.0,0.0,0.0,0.0,0.0,0.0,0.0,0.0,0.0,0.0,0.0,0.0,0.0,0.0,0.0,0.0,0.1,0.0,0.0,0.0,0.0,0.0,0.0,0.0,0.0,0.0,0.0,0.0,0.0,0.0,0.0,0.0,0.0,0.0,0.0,2.98,0.0,0.0,0.0,0.0,0.0,0.0,1.61,0.0,0.0,4.6,0.0,0.0,0.0,0.0,0.0,0.0,0.0,0.0,0.0,0.0,0.0,0.0,0.0,0.0,0.0,0.0,0.14,0.0,0.0,0.0,0.0,0.0,0.0
113,MR1-1212,0.0,0.0,0.0,0.0,0.0,0.0,1.8,0.0,0.0,0.0,0.0,0.0,0.0,0.0,0.58,0.0,0.0,0.0,0.0,0.0,0.0,0.0,0.0,0.12,0.0,0.0,2.21,0.0,0.0,0.0,0.0,0.0,0.0,0.0,0.0,0.0,0.0,0.0,0.0,0.0,0.0,0.0,0.0,0.0,0.0,0.0,0.0,0.0,0.0,0.0,0.0,0.0,0.0,0.0,0.0,0.0,0.0,0.0,0.47,0.0,0.0,0.0,0.0,0.0,0.0,0.0,0.0,0.0,0.0,0.0,0.27,0.0,0.0,0.0,0.0,0.59,0.0,0.0,0.0,1.14,0.9,0.0,0.0,0.0,0.0,0.0,0.0,0.0,0.0,0.0,0.0,0.0,0.0,0.0,0.0,0.0,0.0,0.42,0.77,0.0,0.0,0.0,0.0,0.0,5.03,0.75,0.0,0.0,0.0,0.0,0.0,0.0,0.0,0.0,0.0,0.0,0.0,0.0,0.0,0.0,0.0,9.72,0.0,0.0,4.14,0.0,0.0,0.0,0.0,0.0,1.03,0.0,0.0,0.0,0.0,0.0,29.72,0.0,0.0,0.0,0.0,0.0,0.0,0.0,0.0
114,MR3-1212,0.0,0.0,0.0,0.0,0.0,0.0,1.74,0.0,0.0,0.0,0.0,0.0,0.0,0.0,0.0,0.0,0.0,0.0,0.0,0.0,0.0,0.0,0.0,0.0,0.0,0.0,0.0,0.0,0.0,0.0,0.0,0.0,0.0,0.0,0.0,0.0,0.0,0.0,0.0,0.0,0.0,0.0,0.0,0.0,0.0,0.0,0.0,0.0,0.0,0.0,0.0,0.0,0.0,0.0,0.0,0.0,0.0,0.0,0.62,0.0,0.0,0.0,0.0,0.0,0.0,0.0,0.94,0.0,0.0,0.0,0.0,0.0,0.0,0.0,0.0,0.75,0.0,0.0,0.0,0.0,0.0,0.0,0.0,0.0,0.0,0.0,0.0,0.0,0.0,0.0,0.0,0.0,0.0,0.0,0.0,0.0,0.0,0.0,0.62,0.0,0.0,0.0,0.0,0.0,0.0,0.0,0.0,0.0,0.0,0.0,0.0,0.0,0.0,0.0,0.0,0.0,0.0,0.0,0.0,0.0,0.0,0.0,0.0,0.0,5.06,0.0,0.0,0.0,0.0,0.0,0.0,0.0,0.0,0.0,0.0,0.0,36.77,0.0,0.0,0.0,0.0,0.0,0.0,0.0,0.0
115,CU3-1114,0.0,0.0,0.0,0.0,0.0,0.0,0.0,0.0,0.69,0.0,0.0,0.0,0.0,0.0,0.0,0.0,0.0,0.0,0.0,0.0,1.13,1.89,0.0,0.0,0.0,0.0,0.0,0.0,0.0,0.0,0.0,0.0,0.29,0.0,0.0,0.0,0.0,0.0,0.0,0.0,0.0,0.25,0.0,0.0,1.23,0.0,0.0,3.19,0.0,0.0,0.0,0.0,0.36,0.0,0.0,0.0,0.0,0.0,0.0,0.68,0.0,0.0,0.0,0.74,0.0,0.0,0.27,0.0,0.0,0.0,0.0,0.0,0.0,0.0,0.0,0.0,0.0,0.0,0.0,2.04,0.0,0.0,0.0,0.0,0.0,0.0,0.0,0.0,0.0,0.0,0.0,0.0,0.0,0.0,0.0,0.0,0.0,0.0,0.22,0.0,0.0,1.77,0.0,0.0,0.0,0.0,0.81,0.0,0.0,0.0,0.0,0.0,0.0,0.0,0.0,0.0,0.0,0.0,0.0,0.0,0.0,0.0,0.0,0.0,2.27,0.0,0.0,0.0,0.0,0.0,0.0,1.2,0.0,0.0,0.0,0.0,0.0,0.0,0.0,0.0,0.0,0.0,0.0,0.0,0.0
116,MU1-1117,0.0,0.0,0.0,0.0,0.0,0.0,0.0,0.0,0.9,0.0,0.0,0.0,0.0,0.0,0.0,0.0,0.0,0.0,0.0,0.0,0.92,6.79,0.0,0.0,0.0,0.0,0.0,0.0,0.0,0.0,0.0,0.0,0.1,0.0,0.0,0.0,0.0,0.0,0.0,0.0,0.0,0.41,0.0,0.0,0.61,0.0,0.0,0.0,0.0,0.0,0.0,0.0,0.58,0.0,0.0,0.0,0.0,0.0,0.0,1.5,0.0,0.0,0.0,1.1,0.0,0.0,0.0,0.0,0.0,0.0,0.0,0.0,0.0,0.0,0.0,0.0,0.0,0.0,0.0,1.59,0.0,0.0,0.0,0.0,3.35,0.0,0.0,0.0,0.0,0.23,0.0,0.0,0.0,0.0,0.0,0.0,0.0,0.0,0.13,0.0,0.0,0.0,0.0,0.0,0.0,0.0,0.0,0.0,0.0,0.0,0.0,0.51,0.0,0.0,0.0,0.0,0.0,0.0,0.0,0.0,0.0,0.0,0.0,0.0,0.0,0.0,0.0,0.49,0.0,0.0,0.0,0.66,0.0,0.0,0.12,0.0,0.0,0.0,0.0,0.0,0.0,0.0,0.0,0.0,0.0
117,MU4-1114,0.0,0.0,0.0,0.0,0.0,0.0,0.0,0.0,0.9,0.0,0.0,0.0,0.0,0.0,0.0,0.0,0.0,0.0,0.0,0.0,0.66,6.1,0.0,0.0,0.0,0.0,0.0,0.0,0.0,0.0,0.0,0.0,0.24,0.0,0.0,0.0,0.0,0.09,0.0,0.0,0.0,0.76,0.0,0.0,0.84,0.0,0.0,2.58,0.0,0.0,0.0,0.0,0.65,0.0,0.0,0.0,0.0,0.0,0.0,1.48,0.0,0.0,0.0,1.45,0.0,0.0,0.18,0.0,0.0,0.0,0.0,0.0,0.0,0.0,0.0,0.0,0.0,0.0,0.0,1.42,0.0,0.0,0.0,0.0,1.44,0.0,0.0,0.0,0.0,0.0,0.0,0.0,0.0,0.0,0.0,0.0,0.0,0.0,0.18,0.0,0.0,4.41,0.0,0.0,0.0,0.0,0.0,0.0,0.0,0.0,0.0,0.0,0.0,0.0,0.0,0.0,0.0,0.0,0.0,0.0,0.0,0.0,0.0,0.0,1.77,0.0,0.0,0.0,0.0,0.0,0.0,1.08,0.0,0.0,0.0,0.0,0.0,0.0,0.0,0.0,0.0,0.0,0.0,0.0,0.0
118,MR2-1119,0.0,0.0,0.0,0.0,0.0,0.0,0.0,0.0,1.08,0.0,0.0,0.0,0.0,0.0,0.0,0.0,0.0,0.0,0.0,0.0,0.42,1.25,0.0,0.0,0.0,0.0,0.0,0.0,0.0,0.0,0.0,0.0,0.05,0.0,0.0,0.0,0.0,0.0,0.0,0.0,0.0,0.16,0.0,0.0,2.84,0.0,0.0,2.95,0.0,0.0,0.0,0.0,0.19,0.0,0.0,0.0,0.0,0.0,0.0,1.85,0.0,0.0,0.0,0.47,0.0,0.0,0.0,0.0,0.0,0.0,0.0,0.0,0.0,0.0,0.0,0.0,0.0,0.0,0.0,1.64,0.0,0.0,0.0,0.0,5.47,0.0,0.0,0.0,0.0,0.26,0.0,0.0,0.0,0.0,0.0,0.0,0.0,0.0,0.1,0.0,0.0,0.0,0.0,0.0,0.0,0.0,0.0,0.0,0.0,0.0,0.0,0.87,0.0,0.0,0.0,0.0,0.0,0.0,0.0,0.0,0.0,0.0,0.0,0.0,1.13,0.0,0.0,0.0,0.0,0.0,0.0,0.3,0.0,0.0,3.55,0.0,0.0,0.0,0.0,0.0,0.0,0.0,0.0,0.0,0.0
119,MR5-1119,0.0,0.0,0.0,0.0,0.0,0.0,0.0,0.0,1.15,0.0,0.0,0.0,0.0,0.0,0.0,0.0,0.0,0.0,0.0,0.0,0.37,0.84,0.0,0.0,0.0,0.0,0.0,0.0,0.0,0.0,0.0,0.0,0.0,0.02,0.0,0.0,0.0,0.0,0.0,0.0,0.0,0.22,0.0,0.0,2.79,0.0,0.0,0.0,0.0,0.0,0.0,0.0,0.16,0.0,0.0,0.0,0.0,0.0,0.0,1.4,0.0,0.0,0.0,0.43,0.0,0.0,0.0,0.0,0.0,0.0,0.0,0.0,0.0,0.0,0.0,0.0,0.0,0.0,0.0,1.32,0.0,0.0,0.0,0.0,6.46,0.0,0.0,0.0,0.0,0.0,0.0,0.0,0.0,0.0,0.0,0.0,0.0,0.0,0.03,0.0,0.0,0.0,1.29,0.0,0.0,0.0,0.03,0.0,0.0,0.0,0.0,1.87,0.0,0.0,0.0,0.0,0.0,0.0,0.0,0.0,0.0,0.0,0.0,0.0,0.4,0.0,0.0,0.05,0.0,0.0,0.0,0.28,0.0,0.0,5.37,0.0,0.0,0.0,0.0,0.0,0.0,0.0,0.31,0.0,0.0
120,CD7-1118,0.0,0.0,0.0,0.0,0.0,0.0,0.0,0.0,0.75,0.0,0.0,0.0,0.0,0.0,0.0,0.0,0.0,0.0,0.0,0.0,0.6,2.29,0.0,0.0,0.0,0.0,0.0,0.0,0.34,0.0,0.0,0.0,0.0,0.18,0.0,0.0,0.0,0.63,0.0,0.0,0.0,0.55,0.0,0.0,0.86,0.0,0.0,6.56,0.0,0.0,0.0,0.36,0.0,0.0,0.0,0.0,0.0,0.0,0.0,1.65,0.0,0.0,0.0,0.92,0.0,0.0,0.63,0.0,0.0,0.0,0.0,0.0,0.0,0.0,0.25,0.0,0.0,0.0,0.0,1.11,0.0,0.0,0.0,0.0,2.35,0.0,0.0,0.0,0.0,0.0,0.0,0.0,0.0,0.0,0.0,0.0,0.0,0.0,0.6,0.0,0.0,0.0,0.0,0.0,0.0,0.0,0.14,0.0,0.0,0.0,0.0,0.0,0.0,0.0,0.0,0.0,0.0,0.0,0.0,0.0,0.68,0.0,0.0,0.0,6.37,0.0,0.0,0.0,0.0,0.0,0.0,0.28,0.0,0.0,0.61,0.0,0.0,0.0,0.0,0.0,0.0,0.0,0.0,0.0,0.0
121,CD5-1118,0.0,0.0,0.0,0.0,0.0,0.0,0.0,0.0,1.79,0.0,0.0,0.0,0.0,0.0,0.0,0.0,0.0,0.0,0.0,0.0,0.4,3.57,0.0,0.0,0.0,0.0,0.0,0.0,0.36,0.0,0.0,0.0,0.05,0.1,0.0,0.0,0.0,0.0,0.0,0.0,0.0,0.62,0.0,0.0,1.85,0.0,0.0,0.0,0.0,0.0,0.0,0.22,0.42,0.0,0.0,0.0,0.0,0.34,0.0,2.3,0.0,0.0,0.0,1.41,0.0,0.0,0.0,0.0,0.0,0.04,0.0,0.0,0.0,0.0,0.0,0.0,0.0,0.0,0.0,2.7,0.0,0.0,0.0,0.0,5.36,0.0,0.0,0.0,0.0,0.0,0.0,0.0,0.0,0.0,0.0,0.0,0.0,0.0,0.04,0.0,0.0,0.0,7.94,0.0,0.0,0.0,0.07,0.0,0.0,0.0,0.0,1.27,0.0,0.0,0.0,0.0,0.0,0.0,0.0,0.0,0.0,0.0,0.0,0.0,0.84,0.0,0.0,0.33,0.0,0.0,0.0,0.62,0.0,0.0,0.98,0.0,0.0,0.0,0.0,0.0,0.05,0.0,0.0,0.0,0.0
122,CU4-1118,0.0,0.0,0.0,0.0,0.0,0.0,0.0,0.0,0.0,0.0,0.0,0.0,0.0,0.0,0.0,0.0,0.0,0.0,0.0,0.0,0.46,5.88,0.0,0.0,0.0,0.0,0.0,0.0,0.59,0.0,0.0,0.0,0.07,0.08,0.0,0.0,0.0,0.0,0.0,0.0,0.0,0.7,0.0,0.0,2.95,0.0,0.0,0.0,0.0,0.0,0.0,0.0,0.48,0.0,0.0,0.0,0.0,0.0,0.0,3.98,0.0,0.0,0.0,1.17,0.0,0.0,0.0,0.0,0.0,0.0,0.0,0.0,0.0,0.0,0.0,0.0,0.0,0.0,0.0,1.82,0.0,0.0,0.0,0.0,2.91,0.0,0.0,0.0,0.0,0.0,0.0,0.0,0.0,0.0,0.0,0.0,0.0,0.0,0.06,0.0,0.0,3.28,0.0,0.0,0.0,0.0,0.08,0.0,0.0,0.0,0.0,0.4,0.0,0.0,0.0,0.0,0.0,0.0,0.0,0.0,0.0,0.0,0.0,0.0,0.99,0.0,0.0,0.0,0.0,0.0,0.0,1.1,0.0,0.0,0.45,0.0,0.0,0.0,0.0,0.0,0.0,0.0,0.0,0.0,0.0
123,CU2-1114,0.0,0.0,0.0,0.0,0.0,0.0,0.0,0.0,0.0,0.0,0.0,0.0,0.0,0.0,0.0,0.0,0.0,0.0,0.0,0.0,0.59,0.0,0.0,0.0,0.0,0.0,0.0,0.0,0.0,0.0,0.0,0.0,0.0,0.46,0.0,0.0,0.0,0.0,0.0,0.0,0.0,0.49,0.0,0.0,0.0,0.0,0.0,0.0,0.0,0.0,0.0,0.0,0.0,0.0,0.0,0.0,0.0,0.0,0.0,0.0,0.0,0.0,0.0,0.0,0.0,0.0,0.0,0.0,0.0,0.0,0.0,0.0,0.0,0.0,0.67,0.0,0.0,0.0,0.0,0.0,0.0,0.0,0.0,0.0,0.0,0.0,0.0,0.0,0.0,0.0,0.0,0.0,0.0,0.0,0.0,0.0,0.0,0.0,0.54,0.0,0.0,0.0,0.0,0.0,0.0,0.0,3.26,0.0,0.0,0.0,0.0,0.0,0.0,0.0,0.0,0.0,0.0,0.0,0.0,0.0,0.0,0.0,0.0,0.0,3.31,0.0,0.0,0.0,0.0,0.0,0.0,0.0,0.0,0.0,0.0,0.0,0.0,0.0,0.0,0.0,0.0,0.0,0.0,0.0,0.0
124,CU5-1119,0.0,0.0,0.0,0.0,0.0,0.0,0.0,0.0,0.0,0.0,0.0,0.0,0.0,0.0,0.0,0.0,0.0,0.0,0.0,0.0,1.71,1.98,0.0,0.0,0.0,0.0,0.0,0.0,0.0,0.0,0.0,0.0,0.11,0.0,0.0,0.0,0.0,0.16,0.0,0.0,0.0,0.4,0.0,0.0,1.05,0.0,0.0,6.11,0.0,0.0,0.0,0.0,0.41,0.0,0.0,0.0,0.0,0.0,0.0,1.34,0.0,0.0,0.0,0.69,0.0,0.0,0.0,0.0,0.0,0.0,0.0,0.0,0.0,0.0,0.0,0.0,0.0,0.0,0.0,2.5,0.0,0.0,0.0,0.0,0.55,0.0,0.0,0.0,0.0,0.29,0.0,0.0,0.0,0.0,0.0,0.0,0.0,0.0,0.13,0.0,0.0,0.0,0.0,0.0,0.0,0.0,0.21,0.0,0.0,0.0,0.0,0.0,0.0,0.0,0.0,0.0,0.0,0.0,0.0,0.0,0.0,0.0,0.0,0.0,1.57,0.0,0.0,0.6,0.0,0.0,0.0,0.65,0.0,0.0,0.0,0.0,0.0,0.0,0.0,0.0,0.0,0.0,0.0,0.0,0.0
125,MU3-1114,0.0,0.0,0.0,0.0,0.0,0.0,0.0,0.0,0.0,0.0,0.0,0.0,0.0,0.0,0.0,0.0,0.0,0.0,0.0,0.0,0.94,1.76,0.0,0.0,0.0,0.0,7.21,0.0,0.0,0.0,0.0,0.0,0.0,0.58,0.0,0.0,0.0,0.15,0.0,0.0,0.0,0.35,0.0,0.0,0.0,0.0,0.0,6.28,0.0,0.0,0.0,0.75,0.0,0.0,0.0,0.0,0.0,0.0,0.0,0.0,0.0,0.0,0.0,0.0,0.0,0.0,0.0,0.0,0.0,0.34,0.0,0.0,0.0,0.0,0.47,0.0,0.0,0.0,0.0,2.09,0.77,0.0,0.0,0.0,0.0,0.0,0.0,0.0,0.0,0.0,0.0,0.0,0.0,0.0,0.0,0.0,0.0,0.0,0.32,0.0,0.0,0.0,0.0,0.0,0.0,0.0,0.0,0.0,0.0,0.0,0.0,0.0,0.0,0.0,0.0,0.0,0.0,0.0,0.0,0.0,0.0,0.0,0.0,0.0,1.61,0.0,0.0,0.0,0.0,0.0,0.0,0.0,0.0,0.0,0.0,0.0,0.0,0.0,0.0,0.0,0.0,0.0,0.0,0.0,0.0
126,MU5-1114,0.0,0.0,0.0,0.0,0.0,0.0,0.0,0.0,0.0,0.0,0.0,0.0,0.0,0.0,0.0,0.0,0.0,0.0,0.0,0.0,1.05,0.86,0.0,0.0,0.0,0.0,0.0,0.0,0.0,0.0,0.0,0.0,0.0,0.0,0.0,0.0,0.0,0.17,0.0,0.0,0.0,0.33,0.0,0.0,0.0,0.0,0.0,4.86,0.0,0.0,0.0,0.0,0.5,0.0,0.0,0.0,0.0,0.0,0.0,0.0,0.0,0.0,0.0,1.02,0.0,0.0,0.16,0.0,0.0,0.0,0.0,0.0,0.0,0.0,0.0,0.0,0.0,0.0,0.0,3.03,0.0,0.0,0.0,0.0,0.0,0.0,0.0,0.0,0.0,0.0,0.0,0.0,0.0,0.0,0.0,0.0,0.0,0.0,0.23,0.0,0.0,0.71,0.0,0.0,0.0,0.0,2.93,0.0,0.0,0.0,0.0,0.0,0.0,0.0,0.0,0.0,0.0,0.0,0.0,0.0,0.0,0.0,0.0,0.0,0.0,0.0,0.0,0.0,0.0,0.0,0.0,0.0,0.0,0.0,0.0,0.0,0.0,0.0,0.0,0.0,0.0,0.0,0.0,0.0,0.0
127,Y7E-1117,0.0,0.0,0.0,0.0,0.0,0.0,0.0,0.0,0.0,0.0,0.0,0.0,0.0,0.0,0.0,0.0,0.0,0.0,0.0,0.0,0.68,0.42,0.0,0.0,0.0,0.0,0.0,0.0,0.0,0.0,0.0,0.0,0.0,0.23,0.0,0.0,0.0,0.45,0.0,0.0,0.0,0.32,0.0,0.0,0.0,0.0,0.0,2.75,0.0,0.0,0.0,0.45,0.0,0.0,0.0,0.0,0.0,0.0,37.49,0.0,0.0,0.0,0.0,0.0,0.0,0.0,0.83,0.0,0.0,0.08,0.0,0.21,0.0,0.0,0.26,0.0,0.0,0.0,0.0,4.0,0.0,0.0,0.0,0.0,0.6,0.0,0.0,0.0,0.0,0.0,0.0,0.0,0.0,0.0,0.0,0.0,0.0,0.0,0.15,0.0,0.0,0.0,1.29,0.0,0.0,0.0,0.38,0.0,0.0,0.0,0.0,10.48,0.0,0.0,0.0,0.0,0.0,0.0,0.0,0.0,0.36,0.0,0.0,0.0,3.89,0.0,0.0,0.0,0.0,0.0,0.0,0.18,0.0,0.0,0.0,0.0,0.0,0.0,0.0,0.0,0.04,0.0,0.0,0.0,0.0
128,MR1-1119,0.0,0.0,0.0,0.0,0.0,0.0,0.0,0.0,0.0,0.0,0.0,0.0,0.0,0.0,0.0,0.0,0.0,0.0,0.0,0.0,0.84,0.0,0.0,0.0,0.0,0.0,0.0,0.0,0.0,0.0,0.0,0.0,0.0,0.0,0.0,0.0,0.0,0.55,0.0,0.0,0.0,1.6,0.0,0.0,0.47,0.0,0.0,8.5,0.0,0.0,0.0,0.0,0.0,0.0,0.0,0.3,0.0,0.0,0.0,0.0,0.0,0.0,0.0,1.01,0.0,0.0,1.49,0.0,0.0,0.0,0.0,0.0,0.0,0.0,0.0,0.0,0.0,0.0,0.0,2.27,0.0,0.0,0.0,0.0,0.65,0.0,0.0,0.0,0.0,0.0,0.0,0.0,0.0,0.0,0.0,0.0,0.0,0.0,0.47,0.0,0.0,0.0,0.0,0.0,0.0,0.0,0.27,0.0,0.0,0.0,0.0,0.0,0.0,0.0,0.0,0.0,0.0,0.0,0.0,0.0,0.0,0.0,0.0,0.0,7.18,0.0,0.0,0.0,0.0,0.0,0.0,0.0,0.0,0.0,0.0,0.0,0.0,0.0,0.0,0.0,0.0,0.0,0.0,0.0,0.0
129,MR3-1119,0.0,0.0,0.0,0.0,0.0,0.0,0.0,0.0,0.0,0.0,0.0,0.0,0.0,0.0,0.0,0.0,0.0,0.0,0.0,0.0,0.47,0.0,0.0,0.0,0.0,0.0,0.0,0.0,0.0,0.0,0.0,0.0,0.0,0.0,0.0,0.0,0.0,0.0,0.0,0.0,0.0,0.69,0.0,0.0,0.0,0.0,0.0,16.39,0.0,0.0,0.0,0.0,0.0,0.0,0.0,0.0,0.0,0.0,1.14,0.0,0.0,0.0,0.0,0.0,0.0,0.0,0.0,0.0,0.0,0.0,0.0,0.0,0.0,0.0,0.0,0.0,0.0,0.0,0.0,0.0,0.0,0.0,0.0,0.0,0.0,0.0,0.0,0.0,0.0,0.0,0.0,0.0,0.0,0.0,0.0,0.0,0.0,0.0,0.93,0.0,0.0,0.0,0.0,0.0,0.0,0.0,0.0,0.0,0.0,0.0,0.0,0.0,0.0,0.0,0.0,0.0,0.0,0.0,0.0,0.0,0.0,0.0,0.0,0.0,4.56,0.0,0.0,0.0,0.0,0.0,0.77,0.0,0.0,0.0,0.0,0.0,0.0,0.0,0.0,0.0,0.0,0.0,0.0,0.0,0.0
130,MR4-1119,0.0,0.0,0.0,0.0,0.0,0.0,0.0,0.0,0.0,0.0,0.0,0.0,0.0,0.0,0.0,0.0,0.0,0.0,0.0,0.0,0.94,1.73,0.0,0.0,0.0,0.0,0.0,0.0,0.0,0.0,0.0,0.0,0.13,0.0,0.0,0.0,0.0,0.0,0.0,0.0,0.0,0.0,0.0,0.0,1.09,0.0,0.0,5.86,0.0,0.0,0.0,0.0,0.58,0.0,0.0,0.4,0.0,0.0,0.0,1.18,0.0,0.0,0.0,1.74,0.0,0.0,0.0,0.0,0.0,0.0,0.0,0.0,0.0,0.0,0.0,0.0,0.0,0.0,0.0,3.5,0.0,0.0,0.0,0.0,1.76,0.0,0.0,0.88,0.0,0.15,0.0,0.0,0.0,0.0,0.0,0.0,0.0,0.0,0.22,0.0,0.0,0.0,0.0,0.0,0.0,0.0,0.0,0.0,0.0,0.0,0.0,0.0,0.0,0.0,0.0,0.0,0.0,0.0,0.0,0.0,0.0,0.0,0.0,0.0,3.35,0.0,0.0,0.0,0.0,0.0,0.0,0.3,0.0,0.0,0.49,0.0,0.0,0.0,0.0,0.0,0.0,0.0,0.0,0.0,0.0
131,CD4-1118,0.0,0.0,0.0,0.0,0.0,0.0,0.0,0.0,0.0,0.0,0.0,0.0,0.0,0.0,0.0,0.0,0.0,0.0,0.0,0.0,0.39,2.16,0.0,0.0,0.0,0.0,0.0,0.0,0.0,0.0,0.0,0.0,0.0,0.13,0.0,0.0,0.0,0.0,0.0,0.0,0.0,0.71,0.0,0.0,0.47,0.0,0.0,5.05,0.0,0.0,0.0,0.0,0.0,0.0,0.0,0.0,0.0,0.0,0.0,0.88,0.0,0.0,0.0,0.94,0.0,0.0,0.0,0.0,0.0,0.09,0.0,0.0,0.0,0.0,0.0,0.0,0.0,0.0,0.0,2.69,0.0,0.0,0.0,0.0,5.79,0.0,0.0,0.0,0.0,0.0,0.0,0.0,0.0,0.0,0.0,0.0,4.34,0.0,0.21,0.0,0.0,0.0,0.0,0.0,0.0,0.0,0.18,0.0,0.0,0.0,0.0,1.59,0.0,0.0,0.0,0.0,0.0,0.0,0.0,0.0,0.0,0.0,0.0,0.0,0.7,0.0,0.0,0.0,0.0,0.0,0.0,0.31,0.0,0.0,1.03,0.0,0.0,0.0,0.0,0.0,0.0,0.0,0.0,0.0,0.0
132,CD6-1118,0.0,0.0,0.0,0.0,0.0,0.0,0.0,0.0,0.0,0.0,0.0,0.0,0.0,0.0,0.0,0.0,0.0,0.0,0.0,0.0,0.0,2.69,0.0,0.0,0.0,0.0,0.0,0.0,0.0,0.0,0.0,0.0,0.0,0.09,0.0,0.0,0.0,0.0,0.0,0.0,0.0,0.49,0.0,0.0,0.74,0.0,0.0,4.22,0.0,0.0,0.0,0.0,0.26,0.0,0.0,0.0,0.0,0.0,0.0,1.48,0.0,0.0,0.0,1.07,0.0,0.0,0.0,0.0,0.0,0.0,0.0,0.0,0.0,0.0,0.0,0.0,0.0,0.0,0.0,1.12,0.0,0.0,0.0,0.0,9.25,0.0,0.0,0.21,0.0,0.0,0.0,0.0,0.0,0.0,0.0,0.0,0.0,0.0,0.17,0.0,0.0,0.0,0.0,0.0,0.0,0.0,0.0,0.0,0.0,0.0,0.0,1.23,0.0,0.0,0.0,0.0,0.0,0.0,0.0,0.0,0.0,0.0,0.0,0.0,0.88,0.0,0.0,0.06,0.0,0.0,0.0,0.35,0.0,0.0,0.96,0.0,0.0,0.0,0.0,0.0,0.09,0.0,0.25,0.0,0.0
133,CU2-1125,0.0,0.0,0.0,0.0,0.0,0.0,0.0,0.0,0.0,0.0,0.0,0.0,0.0,0.0,0.0,0.0,0.0,0.0,0.0,0.0,0.0,0.0,0.0,0.0,0.6,0.0,0.0,0.0,0.0,0.0,0.0,0.0,0.0,0.0,0.0,0.0,0.0,0.0,0.0,0.0,0.0,0.0,0.0,0.0,0.0,0.0,0.0,16.89,0.0,0.0,0.0,0.0,0.0,0.0,0.0,0.0,0.0,0.0,0.0,0.0,0.0,0.0,0.0,0.0,0.0,0.0,0.0,0.0,0.0,0.0,0.0,0.0,0.0,0.0,0.0,0.0,0.0,0.0,0.0,0.0,0.0,0.0,0.0,0.0,0.0,0.0,0.0,0.0,0.0,0.0,0.0,0.0,0.0,0.0,0.0,0.0,0.0,0.58,0.7,0.0,0.0,0.0,0.0,0.0,4.73,0.0,0.0,0.0,0.0,0.0,0.0,0.0,0.0,0.0,0.0,0.0,0.0,0.0,0.0,0.0,0.0,0.0,0.0,0.0,3.73,0.0,0.0,0.0,0.0,0.0,0.0,0.0,0.0,0.0,0.0,0.0,42.49,0.0,0.0,0.0,0.0,0.0,0.0,0.0,0.0
134,Y9E-1117,0.0,0.0,0.0,0.0,0.0,0.0,0.0,0.0,0.0,0.0,0.0,0.0,0.0,0.0,0.0,0.0,0.0,0.0,0.0,0.0,0.0,0.0,0.0,0.0,0.0,0.0,0.0,0.0,0.0,0.0,0.0,0.0,0.0,0.08,0.0,0.0,0.0,0.0,0.0,0.27,0.0,0.0,0.0,0.0,0.0,0.0,0.0,1.42,0.0,0.0,0.0,0.15,0.0,0.0,0.0,0.0,0.0,0.0,0.62,0.0,0.0,0.0,0.0,0.66,0.0,0.0,0.0,0.0,0.0,0.0,0.0,0.3,0.0,0.0,0.0,0.0,0.0,0.0,0.0,0.0,0.0,0.0,0.0,0.0,0.97,0.0,0.0,0.0,0.0,0.0,0.0,0.0,0.0,0.0,0.0,0.0,0.0,0.0,0.0,0.0,0.0,0.0,0.0,0.0,0.0,0.0,0.0,0.0,0.0,0.0,0.0,9.29,0.0,0.0,0.0,0.0,0.0,0.0,0.0,0.0,0.0,0.0,0.0,0.0,0.0,0.0,0.0,0.15,0.0,0.0,0.0,0.18,0.0,0.0,0.0,0.0,0.0,0.0,0.0,0.0,0.07,0.0,0.0,0.0,0.0
135,Y8E-1117,0.0,0.0,0.0,0.0,0.0,0.0,0.0,0.0,0.0,0.0,0.0,0.0,0.0,0.0,0.0,0.0,0.0,0.0,0.0,0.0,0.0,0.0,0.0,0.0,0.0,0.0,0.0,0.0,0.0,0.0,0.0,0.0,0.0,0.0,0.0,0.0,0.0,0.0,0.0,0.0,0.0,0.11,0.0,0.0,0.0,0.0,0.0,2.18,0.0,0.0,0.0,0.0,0.0,0.0,0.0,0.0,0.0,0.0,1.62,0.0,0.0,0.0,0.0,1.13,0.0,0.0,0.0,0.0,0.0,0.0,0.0,0.4,0.0,0.0,0.0,0.0,0.0,0.0,0.0,3.14,0.0,0.0,0.0,0.0,1.35,0.0,0.0,0.0,0.0,0.0,0.0,0.0,0.0,0.0,0.0,0.0,0.0,0.0,0.0,0.0,0.0,0.0,0.0,0.0,0.0,0.0,0.0,0.0,0.0,0.0,0.0,39.1,0.0,0.0,0.0,0.0,0.0,0.0,0.0,0.0,0.0,0.0,0.47,0.0,0.0,0.0,0.0,0.0,0.0,0.0,0.0,0.22,0.0,0.0,0.0,0.0,0.0,0.0,0.0,0.0,0.29,0.0,0.0,0.0,0.0
